placement_id,student_id,mock_interview_score,internships_completed,placement_status,company_name,placement_package,interview_rounds_cleared,placement_date
AA224195,4218,58,1,"Not Ready",NULL,NULL,NULL,NULL
AA234275,4298,54,0,"Not Ready",NULL,NULL,NULL,NULL
AA234715,4738,93,2,Placed,"Keer Ltd","7.62 LPA",3,2022-01-29
AB224120,4143,50,0,"Not Ready",NULL,NULL,NULL,NULL
AB224134,4157,55,1,"Not Ready",NULL,NULL,NULL,NULL
AB224681,4704,77,0,Ready,NULL,NULL,NULL,NULL
AB224789,4812,77,2,Placed,"Chopra Inc","6.36 LPA",4,2021-11-08
AB224821,4844,85,1,Ready,NULL,NULL,NULL,NULL
AB224851,4874,66,0,"Not Ready",NULL,NULL,NULL,NULL
AB234053,4076,74,3,Placed,"Mahajan, Memon and Chander","14.22 LPA",4,2020-07-21
AB234507,4530,82,1,Ready,NULL,NULL,NULL,NULL
AB234710,4733,85,0,Ready,NULL,NULL,NULL,NULL
AB244329,4352,75,0,Ready,NULL,NULL,NULL,NULL
AB244496,4519,52,1,"Not Ready",NULL,NULL,NULL,NULL
AB254088,4111,76,1,Ready,NULL,NULL,NULL,NULL
AB254192,4215,52,1,"Not Ready",NULL,NULL,NULL,NULL
AB254266,4289,77,2,Ready,NULL,NULL,NULL,NULL
AB254291,4314,83,1,Ready,NULL,NULL,NULL,NULL
AB254964,4987,60,1,"Not Ready",NULL,NULL,NULL,NULL
AC234394,4417,75,1,Ready,NULL,NULL,NULL,NULL
AC244032,4055,63,1,"Not Ready",NULL,NULL,NULL,NULL
AC244588,4611,79,1,Ready,NULL,NULL,NULL,NULL
AC244690,4713,71,2,Ready,NULL,NULL,NULL,NULL
AC254143,4166,50,0,"Not Ready",NULL,NULL,NULL,NULL
AD224075,4098,53,0,"Not Ready",NULL,NULL,NULL,NULL
AD224228,4251,80,0,Ready,NULL,NULL,NULL,NULL
AD224722,4745,72,2,Ready,NULL,NULL,NULL,NULL
AD224739,4762,62,1,"Not Ready",NULL,NULL,NULL,NULL
AD234087,4110,81,1,Ready,NULL,NULL,NULL,NULL
AD234410,4433,77,1,Ready,NULL,NULL,NULL,NULL
AD234617,4640,68,0,"Not Ready",NULL,NULL,NULL,NULL
AD234753,4776,80,1,Ready,NULL,NULL,NULL,NULL
AD244279,4302,75,0,Ready,NULL,NULL,NULL,NULL
AD244450,4473,62,0,"Not Ready",NULL,NULL,NULL,NULL
AD244845,4868,66,0,"Not Ready",NULL,NULL,NULL,NULL
AD244904,4927,57,1,"Not Ready",NULL,NULL,NULL,NULL
AD254322,4345,84,1,Ready,NULL,NULL,NULL,NULL
AG224138,4161,96,3,Placed,"Ratta, Nagar and Nadkarni","7.93 LPA",5,2022-07-20
AG224953,4976,61,0,"Not Ready",NULL,NULL,NULL,NULL
AG234061,4084,70,3,Placed,"Talwar Inc","5.44 LPA",4,2021-11-15
AG244330,4353,88,2,Placed,Hegde-Taneja,"6.32 LPA",4,2025-04-03
AG254041,4064,98,3,Placed,Naidu-Peri,"10.7 LPA",5,2023-12-21
AG254058,4081,75,0,Ready,NULL,NULL,NULL,NULL
AH254815,4838,54,1,"Not Ready",NULL,NULL,NULL,NULL
AK224721,4744,56,1,"Not Ready",NULL,NULL,NULL,NULL
AK224980,5003,75,1,Ready,NULL,NULL,NULL,NULL
AK234121,4144,62,0,"Not Ready",NULL,NULL,NULL,NULL
AK234880,4903,70,1,Ready,NULL,NULL,NULL,NULL
AK244760,4783,67,1,"Not Ready",NULL,NULL,NULL,NULL
AK254668,4691,50,1,"Not Ready",NULL,NULL,NULL,NULL
AL234646,4669,75,1,Ready,NULL,NULL,NULL,NULL
AL254078,4101,89,3,Placed,"Bhatti, Chowdhury and Kalla","8.48 LPA",3,2024-03-26
AM224084,4107,66,0,"Not Ready",NULL,NULL,NULL,NULL
AM224147,4170,98,1,Placed,Chakrabarti-Mall,"7.71 LPA",4,2023-11-17
AM224297,4320,85,2,Ready,NULL,NULL,NULL,NULL
AM224438,4461,68,0,"Not Ready",NULL,NULL,NULL,NULL
AM224823,4846,72,3,Placed,"Mallick, Bakshi and Sinha","11.81 LPA",4,2020-12-12
AM234034,4057,55,1,"Not Ready",NULL,NULL,NULL,NULL
AM234063,4086,56,1,"Not Ready",NULL,NULL,NULL,NULL
AM234191,4214,91,1,Placed,Thakur-Nagi,"12.41 LPA",5,2024-12-08
AM234545,4568,78,2,Ready,NULL,NULL,NULL,NULL
AM234554,4577,69,0,"Not Ready",NULL,NULL,NULL,NULL
AM234944,4967,73,1,Ready,NULL,NULL,NULL,NULL
AM244174,4197,70,0,Ready,NULL,NULL,NULL,NULL
AM244625,4648,81,0,Ready,NULL,NULL,NULL,NULL
AM254755,4778,50,0,"Not Ready",NULL,NULL,NULL,NULL
AM254886,4909,80,0,Ready,NULL,NULL,NULL,NULL
AN224274,4297,67,0,"Not Ready",NULL,NULL,NULL,NULL
AP224365,4388,56,1,"Not Ready",NULL,NULL,NULL,NULL
AP224462,4485,61,0,"Not Ready",NULL,NULL,NULL,NULL
AP234209,4232,61,1,"Not Ready",NULL,NULL,NULL,NULL
AP234414,4437,60,1,"Not Ready",NULL,NULL,NULL,NULL
AP234435,4458,52,0,"Not Ready",NULL,NULL,NULL,NULL
AP234586,4609,63,0,"Not Ready",NULL,NULL,NULL,NULL
AP244213,4236,58,1,"Not Ready",NULL,NULL,NULL,NULL
AR224370,4393,92,3,Placed,Barad-Bobal,"11.16 LPA",3,2020-05-17
AR244254,4277,57,1,"Not Ready",NULL,NULL,NULL,NULL
AR244514,4537,55,1,"Not Ready",NULL,NULL,NULL,NULL
AR244967,4990,56,0,"Not Ready",NULL,NULL,NULL,NULL
AR254298,4321,81,2,Ready,NULL,NULL,NULL,NULL
AR254558,4581,62,1,"Not Ready",NULL,NULL,NULL,NULL
AR254606,4629,76,3,Placed,"Mahajan, Bora and Sinha","6.16 LPA",3,2024-07-27
AS224016,4039,78,1,Ready,NULL,NULL,NULL,NULL
AS224070,4093,51,0,"Not Ready",NULL,NULL,NULL,NULL
AS224229,4252,79,1,Ready,NULL,NULL,NULL,NULL
AS224277,4300,98,2,Placed,"Acharya and Sons","14.11 LPA",5,2022-12-05
AS224520,4543,54,0,"Not Ready",NULL,NULL,NULL,NULL
AS234020,4043,54,1,"Not Ready",NULL,NULL,NULL,NULL
AS234339,4362,76,2,Placed,Barad-Bose,"14.95 LPA",3,2024-10-25
AS234380,4403,58,0,"Not Ready",NULL,NULL,NULL,NULL
AS234699,4722,59,1,"Not Ready",NULL,NULL,NULL,NULL
AS234912,4935,60,0,"Not Ready",NULL,NULL,NULL,NULL
AS244057,4080,59,0,"Not Ready",NULL,NULL,NULL,NULL
AS244729,4752,71,2,Ready,NULL,NULL,NULL,NULL
AS244849,4872,70,0,Ready,NULL,NULL,NULL,NULL
AS244915,4938,78,0,Ready,NULL,NULL,NULL,NULL
AS244959,4982,58,1,"Not Ready",NULL,NULL,NULL,NULL
AS244962,4985,64,0,"Not Ready",NULL,NULL,NULL,NULL
AS254110,4133,97,1,Placed,"Pandya and Sons","8.29 LPA",5,2023-09-28
AS254126,4149,56,1,"Not Ready",NULL,NULL,NULL,NULL
AS254296,4319,71,2,Ready,NULL,NULL,NULL,NULL
AS254422,4445,82,1,Ready,NULL,NULL,NULL,NULL
AS254506,4529,60,0,"Not Ready",NULL,NULL,NULL,NULL
AT224649,4672,68,0,"Not Ready",NULL,NULL,NULL,NULL
AT234468,4491,54,1,"Not Ready",NULL,NULL,NULL,NULL
AT254883,4906,95,3,Placed,"De Group","11.6 LPA",4,2020-07-22
AU244852,4875,62,0,"Not Ready",NULL,NULL,NULL,NULL
AV234963,4986,77,2,Ready,NULL,NULL,NULL,NULL
AV244204,4227,82,2,Ready,NULL,NULL,NULL,NULL
AV244293,4316,76,2,Placed,"Rana, Sarkar and Nair","6.9 LPA",5,2021-07-09
AV254118,4141,50,0,"Not Ready",NULL,NULL,NULL,NULL
AV254185,4208,62,1,"Not Ready",NULL,NULL,NULL,NULL
AV254523,4546,67,1,"Not Ready",NULL,NULL,NULL,NULL
AW244513,4536,80,1,Ready,NULL,NULL,NULL,NULL
AW255000,5023,51,1,"Not Ready",NULL,NULL,NULL,NULL
AY244139,4162,72,2,Ready,NULL,NULL,NULL,NULL
BB224818,4841,61,0,"Not Ready",NULL,NULL,NULL,NULL
BB234983,5006,80,1,Ready,NULL,NULL,NULL,NULL
BB244062,4085,77,0,Ready,NULL,NULL,NULL,NULL
BB254765,4788,80,3,Placed,Chakrabarti-Saini,"14.34 LPA",5,2021-11-05
BC224059,4082,77,0,Ready,NULL,NULL,NULL,NULL
BC244475,4498,71,0,Ready,NULL,NULL,NULL,NULL
BC244546,4569,74,2,Ready,NULL,NULL,NULL,NULL
BD224216,4239,83,1,Ready,NULL,NULL,NULL,NULL
BD234433,4456,80,0,Ready,NULL,NULL,NULL,NULL
BG224786,4809,67,0,"Not Ready",NULL,NULL,NULL,NULL
BG244387,4410,66,1,"Not Ready",NULL,NULL,NULL,NULL
BK224176,4199,63,1,"Not Ready",NULL,NULL,NULL,NULL
BK234582,4605,84,1,Ready,NULL,NULL,NULL,NULL
BK244241,4264,66,0,"Not Ready",NULL,NULL,NULL,NULL
BK244256,4279,63,0,"Not Ready",NULL,NULL,NULL,NULL
BK254509,4532,54,1,"Not Ready",NULL,NULL,NULL,NULL
BM224116,4139,69,1,"Not Ready",NULL,NULL,NULL,NULL
BM244377,4400,83,0,Ready,NULL,NULL,NULL,NULL
BM244877,4900,75,3,Placed,"Krishnamurthy LLC","4.4 LPA",3,2024-06-13
BM254276,4299,85,0,Ready,NULL,NULL,NULL,NULL
BM254714,4737,71,2,Ready,NULL,NULL,NULL,NULL
BN234284,4307,79,2,Ready,NULL,NULL,NULL,NULL
BN244221,4244,64,0,"Not Ready",NULL,NULL,NULL,NULL
BN254806,4829,57,0,"Not Ready",NULL,NULL,NULL,NULL
BP224599,4622,50,1,"Not Ready",NULL,NULL,NULL,NULL
BP224975,4998,65,1,"Not Ready",NULL,NULL,NULL,NULL
BP234988,5011,94,2,Placed,"Peri, Bhatnagar and Bhattacharyya","13.93 LPA",4,2021-11-20
BS234125,4148,55,1,"Not Ready",NULL,NULL,NULL,NULL
BS244640,4663,95,2,Placed,Gera-Bhatti,"6.49 LPA",5,2022-06-14
BS244713,4736,68,0,"Not Ready",NULL,NULL,NULL,NULL
BT234407,4430,79,2,Ready,NULL,NULL,NULL,NULL
BV234310,4333,72,3,Placed,Dhaliwal-Dey,"9.71 LPA",3,2024-08-27
BV254205,4228,97,1,Placed,"Ravi, Prashad and Sanghvi","13.96 LPA",4,2022-08-27
CA234002,4025,73,0,Ready,NULL,NULL,NULL,NULL
CB224336,4359,69,0,"Not Ready",NULL,NULL,NULL,NULL
CB234341,4364,97,2,Placed,"Kata Ltd","8.0 LPA",3,2021-07-01
CB234817,4840,71,0,Ready,NULL,NULL,NULL,NULL
CB244858,4881,71,1,Placed,"Issac Ltd","4.48 LPA",4,2022-09-24
CC224103,4126,75,1,Ready,NULL,NULL,NULL,NULL
CC224795,4818,82,2,Ready,NULL,NULL,NULL,NULL
CC234285,4308,79,2,Placed,"Jayaraman PLC","10.75 LPA",4,2020-06-24
CD224327,4350,75,2,Ready,NULL,NULL,NULL,NULL
CD234884,4907,56,1,"Not Ready",NULL,NULL,NULL,NULL
CD244594,4617,53,1,"Not Ready",NULL,NULL,NULL,NULL
CD254337,4360,68,1,"Not Ready",NULL,NULL,NULL,NULL
CD254519,4542,90,1,Placed,"Dhillon, Balay and Nagi","12.09 LPA",5,2024-01-10
CD254762,4785,78,2,Placed,"Kala LLC","8.0 LPA",5,2023-06-28
CG244246,4269,73,0,Ready,NULL,NULL,NULL,NULL
CG254859,4882,80,1,Ready,NULL,NULL,NULL,NULL
CJ254589,4612,64,0,"Not Ready",NULL,NULL,NULL,NULL
CK224401,4424,73,0,Ready,NULL,NULL,NULL,NULL
CK224745,4768,70,2,Placed,"Mukhopadhyay LLC","5.94 LPA",4,2022-05-03
CK234924,4947,81,0,Ready,NULL,NULL,NULL,NULL
CL234089,4112,51,1,"Not Ready",NULL,NULL,NULL,NULL
CL234951,4974,87,2,Placed,"Goswami LLC","7.05 LPA",3,2024-10-19
CM234382,4405,56,1,"Not Ready",NULL,NULL,NULL,NULL
CM244124,4147,73,1,Ready,NULL,NULL,NULL,NULL
CM244549,4572,76,1,Ready,NULL,NULL,NULL,NULL
CN224036,4059,76,2,Placed,"Krishnamurthy, Jhaveri and Sengupta","6.55 LPA",4,2022-08-29
CN244273,4296,85,1,Ready,NULL,NULL,NULL,NULL
CP234343,4366,73,0,Ready,NULL,NULL,NULL,NULL
CP254654,4677,52,1,"Not Ready",NULL,NULL,NULL,NULL
CP254716,4739,69,0,"Not Ready",NULL,NULL,NULL,NULL
CR224552,4575,77,2,Ready,NULL,NULL,NULL,NULL
CR234383,4406,58,1,"Not Ready",NULL,NULL,NULL,NULL
CR254342,4365,60,1,"Not Ready",NULL,NULL,NULL,NULL
CS224568,4591,60,0,"Not Ready",NULL,NULL,NULL,NULL
CS224667,4690,80,1,Ready,NULL,NULL,NULL,NULL
CS224867,4890,67,0,"Not Ready",NULL,NULL,NULL,NULL
CS234478,4501,71,2,Placed,"Narang and Sons","14.25 LPA",3,2024-07-02
CS234793,4816,73,2,Ready,NULL,NULL,NULL,NULL
CS244222,4245,67,0,"Not Ready",NULL,NULL,NULL,NULL
CS244740,4763,62,1,"Not Ready",NULL,NULL,NULL,NULL
CS254476,4499,74,3,Placed,"Keer, Mahajan and Kakar","10.1 LPA",3,2022-09-16
CS254510,4533,52,1,"Not Ready",NULL,NULL,NULL,NULL
CS254931,4954,54,1,"Not Ready",NULL,NULL,NULL,NULL
CT234381,4404,66,0,"Not Ready",NULL,NULL,NULL,NULL
CV244837,4860,67,0,"Not Ready",NULL,NULL,NULL,NULL
CW234214,4237,65,0,"Not Ready",NULL,NULL,NULL,NULL
CW244469,4492,71,1,Placed,"Dave Ltd","6.66 LPA",4,2023-12-16
DA234771,4794,61,1,"Not Ready",NULL,NULL,NULL,NULL
DA244160,4183,70,3,Placed,"Sathe Group","5.84 LPA",3,2025-02-04
DA244406,4429,80,2,Placed,Trivedi-Lall,"12.25 LPA",4,2020-05-20
DA244455,4478,85,0,Ready,NULL,NULL,NULL,NULL
DB224194,4217,53,0,"Not Ready",NULL,NULL,NULL,NULL
DB224598,4621,57,1,"Not Ready",NULL,NULL,NULL,NULL
DB224891,4914,84,0,Ready,NULL,NULL,NULL,NULL
DB224917,4940,63,1,"Not Ready",NULL,NULL,NULL,NULL
DB234123,4146,68,1,"Not Ready",NULL,NULL,NULL,NULL
DB234560,4583,64,0,"Not Ready",NULL,NULL,NULL,NULL
DB254672,4695,60,1,"Not Ready",NULL,NULL,NULL,NULL
DD224029,4052,57,1,"Not Ready",NULL,NULL,NULL,NULL
DD224472,4495,85,0,Ready,NULL,NULL,NULL,NULL
DD254813,4836,54,0,"Not Ready",NULL,NULL,NULL,NULL
DE254873,4896,53,1,"Not Ready",NULL,NULL,NULL,NULL
DI244399,4422,80,1,Ready,NULL,NULL,NULL,NULL
DK224608,4631,54,1,"Not Ready",NULL,NULL,NULL,NULL
DK234017,4040,88,2,Placed,"Kala, Sekhon and Nayak","11.87 LPA",5,2021-06-24
DK234030,4053,52,0,"Not Ready",NULL,NULL,NULL,NULL
DK244281,4304,68,0,"Not Ready",NULL,NULL,NULL,NULL
DK254001,4024,64,0,"Not Ready",NULL,NULL,NULL,NULL
DK254362,4385,68,0,"Not Ready",NULL,NULL,NULL,NULL
DL224784,4807,72,3,Placed,"Dâ€™Alia Ltd","8.98 LPA",3,2024-01-31
DL234115,4138,70,1,Placed,Kale-Upadhyay,"5.96 LPA",4,2024-07-07
DM224159,4182,81,2,Ready,NULL,NULL,NULL,NULL
DM224237,4260,83,1,Ready,NULL,NULL,NULL,NULL
DM224260,4283,57,1,"Not Ready",NULL,NULL,NULL,NULL
DM224263,4286,67,0,"Not Ready",NULL,NULL,NULL,NULL
DM234013,4036,83,0,Ready,NULL,NULL,NULL,NULL
DM234735,4758,81,0,Ready,NULL,NULL,NULL,NULL
DM244212,4235,57,0,"Not Ready",NULL,NULL,NULL,NULL
DM254035,4058,76,1,Ready,NULL,NULL,NULL,NULL
DM254055,4078,57,0,"Not Ready",NULL,NULL,NULL,NULL
DN234893,4916,66,0,"Not Ready",NULL,NULL,NULL,NULL
DN244224,4247,51,1,"Not Ready",NULL,NULL,NULL,NULL
DN254403,4426,66,0,"Not Ready",NULL,NULL,NULL,NULL
DP254418,4441,60,0,"Not Ready",NULL,NULL,NULL,NULL
DR224692,4715,72,0,Ready,NULL,NULL,NULL,NULL
DS224024,4047,67,1,"Not Ready",NULL,NULL,NULL,NULL
DS224651,4674,58,0,"Not Ready",NULL,NULL,NULL,NULL
DS234799,4822,69,0,"Not Ready",NULL,NULL,NULL,NULL
DS234899,4922,68,0,"Not Ready",NULL,NULL,NULL,NULL
DS234970,4993,81,0,Ready,NULL,NULL,NULL,NULL
DS244081,4104,76,1,Ready,NULL,NULL,NULL,NULL
DS244712,4735,69,0,"Not Ready",NULL,NULL,NULL,NULL
DS244805,4828,57,1,"Not Ready",NULL,NULL,NULL,NULL
DS254623,4646,73,3,Placed,Raja-Setty,"12.46 LPA",5,2024-12-11
DS254833,4856,69,1,"Not Ready",NULL,NULL,NULL,NULL
DT254386,4409,57,0,"Not Ready",NULL,NULL,NULL,NULL
DT254486,4509,82,1,Ready,NULL,NULL,NULL,NULL
DV234238,4261,80,1,Ready,NULL,NULL,NULL,NULL
DW234787,4810,67,0,"Not Ready",NULL,NULL,NULL,NULL
EB224179,4202,65,0,"Not Ready",NULL,NULL,NULL,NULL
EB224632,4655,64,0,"Not Ready",NULL,NULL,NULL,NULL
EB224835,4858,76,0,Ready,NULL,NULL,NULL,NULL
EB234165,4188,74,0,Ready,NULL,NULL,NULL,NULL
EB244071,4094,52,1,"Not Ready",NULL,NULL,NULL,NULL
EB244076,4099,75,1,Ready,NULL,NULL,NULL,NULL
EC254872,4895,58,0,"Not Ready",NULL,NULL,NULL,NULL
ED224526,4549,74,1,Ready,NULL,NULL,NULL,NULL
ED234393,4416,53,0,"Not Ready",NULL,NULL,NULL,NULL
ED244190,4213,56,1,"Not Ready",NULL,NULL,NULL,NULL
ED244201,4224,75,1,Placed,"Brahmbhatt, Gulati and Chada","7.14 LPA",4,2021-09-26
ED244637,4660,70,1,Ready,NULL,NULL,NULL,NULL
ED244913,4936,66,1,"Not Ready",NULL,NULL,NULL,NULL
ED254363,4386,54,1,"Not Ready",NULL,NULL,NULL,NULL
EJ234804,4827,71,1,Ready,NULL,NULL,NULL,NULL
EK224408,4431,78,1,Placed,"Mukhopadhyay Inc","10.9 LPA",3,2020-09-13
EK234559,4582,82,0,Ready,NULL,NULL,NULL,NULL
EK254466,4489,60,0,"Not Ready",NULL,NULL,NULL,NULL
EM234172,4195,64,0,"Not Ready",NULL,NULL,NULL,NULL
EN234378,4401,73,0,Ready,NULL,NULL,NULL,NULL
EN244984,5007,82,0,Ready,NULL,NULL,NULL,NULL
EP254245,4268,67,0,"Not Ready",NULL,NULL,NULL,NULL
ER224643,4666,100,2,Placed,Sankaran-Keer,"9.35 LPA",3,2022-04-19
ER234261,4284,53,0,"Not Ready",NULL,NULL,NULL,NULL
ES224352,4375,54,1,"Not Ready",NULL,NULL,NULL,NULL
ES224522,4545,76,2,Ready,NULL,NULL,NULL,NULL
ES234631,4654,67,0,"Not Ready",NULL,NULL,NULL,NULL
ES244095,4118,90,1,Placed,Mane-Naidu,"8.7 LPA",4,2020-01-09
ES244292,4315,53,0,"Not Ready",NULL,NULL,NULL,NULL
ES244936,4959,57,0,"Not Ready",NULL,NULL,NULL,NULL
ES254538,4561,55,1,"Not Ready",NULL,NULL,NULL,NULL
ES254575,4598,84,2,Ready,NULL,NULL,NULL,NULL
ES254976,4999,83,2,Ready,NULL,NULL,NULL,NULL
ET254316,4339,74,2,Ready,NULL,NULL,NULL,NULL
EV244592,4615,95,1,Placed,"Viswanathan PLC","6.34 LPA",4,2021-07-24
EY234012,4035,80,2,Ready,NULL,NULL,NULL,NULL
FA254535,4558,60,1,"Not Ready",NULL,NULL,NULL,NULL
FA254816,4839,82,2,Ready,NULL,NULL,NULL,NULL
FB224571,4594,80,1,Placed,"Agrawal LLC","7.36 LPA",5,2024-05-02
FB224680,4703,74,2,Ready,NULL,NULL,NULL,NULL
FB234269,4292,67,0,"Not Ready",NULL,NULL,NULL,NULL
FB234639,4662,82,0,Ready,NULL,NULL,NULL,NULL
FB234827,4850,57,0,"Not Ready",NULL,NULL,NULL,NULL
FB234908,4931,84,0,Ready,NULL,NULL,NULL,NULL
FB254158,4181,80,2,Ready,NULL,NULL,NULL,NULL
FB254400,4423,84,1,Ready,NULL,NULL,NULL,NULL
FD234662,4685,72,1,Ready,NULL,NULL,NULL,NULL
FG234300,4323,84,0,Ready,NULL,NULL,NULL,NULL
FH254801,4824,98,1,Placed,"Rattan, Khosla and Basak","11.04 LPA",5,2023-05-13
FJ234318,4341,71,0,Ready,NULL,NULL,NULL,NULL
FJ254464,4487,80,3,Placed,"Chhabra, Pandya and Sridhar","14.22 LPA",5,2022-08-18
FJ254613,4636,94,2,Placed,"Tella LLC","9.52 LPA",4,2022-02-27
FK224415,4438,61,1,"Not Ready",NULL,NULL,NULL,NULL
FK224910,4933,70,3,Placed,"Salvi, Rao and Jayaraman","9.73 LPA",5,2024-06-07
FK234605,4628,81,0,Ready,NULL,NULL,NULL,NULL
FK244629,4652,58,1,"Not Ready",NULL,NULL,NULL,NULL
FM234650,4673,62,1,"Not Ready",NULL,NULL,NULL,NULL
FM234734,4757,59,1,"Not Ready",NULL,NULL,NULL,NULL
FM244219,4242,60,1,"Not Ready",NULL,NULL,NULL,NULL
FM254189,4212,72,2,Ready,NULL,NULL,NULL,NULL
FP234099,4122,58,1,"Not Ready",NULL,NULL,NULL,NULL
FR244580,4603,65,0,"Not Ready",NULL,NULL,NULL,NULL
FS224556,4579,64,1,"Not Ready",NULL,NULL,NULL,NULL
FS224792,4815,94,3,Placed,"Tiwari LLC","10.72 LPA",5,2020-02-17
FS244303,4326,77,0,Ready,NULL,NULL,NULL,NULL
FT244487,4510,74,0,Ready,NULL,NULL,NULL,NULL
FW234909,4932,62,0,"Not Ready",NULL,NULL,NULL,NULL
GB234231,4254,83,1,Ready,NULL,NULL,NULL,NULL
GB244356,4379,51,0,"Not Ready",NULL,NULL,NULL,NULL
GB254302,4325,60,0,"Not Ready",NULL,NULL,NULL,NULL
GC234679,4702,79,1,Ready,NULL,NULL,NULL,NULL
GC244517,4540,70,0,Ready,NULL,NULL,NULL,NULL
GG234492,4515,99,1,Placed,"Prakash Inc","14.83 LPA",4,2022-09-25
GG234537,4560,83,0,Ready,NULL,NULL,NULL,NULL
GG254633,4656,56,0,"Not Ready",NULL,NULL,NULL,NULL
GH224797,4820,61,1,"Not Ready",NULL,NULL,NULL,NULL
GI244536,4559,60,0,"Not Ready",NULL,NULL,NULL,NULL
GJ224794,4817,68,0,"Not Ready",NULL,NULL,NULL,NULL
GK224800,4823,56,1,"Not Ready",NULL,NULL,NULL,NULL
GK224919,4942,72,2,Ready,NULL,NULL,NULL,NULL
GK234982,5005,85,1,Ready,NULL,NULL,NULL,NULL
GK234996,5019,50,0,"Not Ready",NULL,NULL,NULL,NULL
GK244096,4119,67,0,"Not Ready",NULL,NULL,NULL,NULL
GK254869,4892,63,0,"Not Ready",NULL,NULL,NULL,NULL
GL244579,4602,73,3,Placed,Thaker-Pradhan,"11.34 LPA",4,2020-06-13
GM234420,4443,80,0,Ready,NULL,NULL,NULL,NULL
GM254451,4474,64,1,"Not Ready",NULL,NULL,NULL,NULL
GP234531,4554,75,0,Ready,NULL,NULL,NULL,NULL
GP254153,4176,76,0,Ready,NULL,NULL,NULL,NULL
GP254323,4346,72,0,Ready,NULL,NULL,NULL,NULL
GP254860,4883,84,1,Ready,NULL,NULL,NULL,NULL
GS244208,4231,76,0,Ready,NULL,NULL,NULL,NULL
GS244264,4287,62,1,"Not Ready",NULL,NULL,NULL,NULL
GS244838,4861,80,0,Ready,NULL,NULL,NULL,NULL
GT244294,4317,76,2,Ready,NULL,NULL,NULL,NULL
GT244697,4720,61,0,"Not Ready",NULL,NULL,NULL,NULL
GW224825,4848,56,1,"Not Ready",NULL,NULL,NULL,NULL
GZ224130,4153,69,0,"Not Ready",NULL,NULL,NULL,NULL
HB224647,4670,85,2,Ready,NULL,NULL,NULL,NULL
HB244693,4716,80,2,Ready,NULL,NULL,NULL,NULL
HC224544,4567,71,3,Placed,"Ratti and Sons","5.44 LPA",4,2024-05-05
HD224493,4516,68,0,"Not Ready",NULL,NULL,NULL,NULL
HD244331,4354,55,0,"Not Ready",NULL,NULL,NULL,NULL
HD254015,4038,50,0,"Not Ready",NULL,NULL,NULL,NULL
HG234482,4505,84,0,Ready,NULL,NULL,NULL,NULL
HG254926,4949,61,0,"Not Ready",NULL,NULL,NULL,NULL
HH254109,4132,89,2,Placed,"Ghose PLC","9.87 LPA",5,2024-01-28
HK224011,4034,55,0,"Not Ready",NULL,NULL,NULL,NULL
HK234320,4343,58,0,"Not Ready",NULL,NULL,NULL,NULL
HK234788,4811,69,0,"Not Ready",NULL,NULL,NULL,NULL
HL224853,4876,83,2,Ready,NULL,NULL,NULL,NULL
HL234997,5020,71,1,Ready,NULL,NULL,NULL,NULL
HM224686,4709,85,0,Ready,NULL,NULL,NULL,NULL
HM224925,4948,81,2,Ready,NULL,NULL,NULL,NULL
HM244490,4513,56,1,"Not Ready",NULL,NULL,NULL,NULL
HM254602,4625,64,0,"Not Ready",NULL,NULL,NULL,NULL
HP234871,4894,71,0,Ready,NULL,NULL,NULL,NULL
HP254239,4262,85,0,Ready,NULL,NULL,NULL,NULL
HR234280,4303,77,0,Ready,NULL,NULL,NULL,NULL
HR254247,4270,85,0,Ready,NULL,NULL,NULL,NULL
HR254467,4490,74,3,Placed,Sundaram-Chaudry,"6.06 LPA",5,2022-11-09
HS224534,4557,71,1,Placed,Gokhale-Garde,"14.47 LPA",4,2024-10-08
HS234114,4137,55,0,"Not Ready",NULL,NULL,NULL,NULL
HS234429,4452,82,0,Ready,NULL,NULL,NULL,NULL
HS244529,4552,75,1,Placed,"Kaur, Lall and Kala","12.71 LPA",3,2023-11-14
HT254857,4880,59,1,"Not Ready",NULL,NULL,NULL,NULL
HV254950,4973,71,1,Ready,NULL,NULL,NULL,NULL
HW244516,4539,68,0,"Not Ready",NULL,NULL,NULL,NULL
IB234530,4553,58,0,"Not Ready",NULL,NULL,NULL,NULL
IB244082,4105,79,2,Ready,NULL,NULL,NULL,NULL
IB244436,4459,73,0,Ready,NULL,NULL,NULL,NULL
IB254086,4109,51,1,"Not Ready",NULL,NULL,NULL,NULL
IB254842,4865,90,3,Placed,"Datta, Chaudhry and Madan","8.36 LPA",5,2024-07-07
IB254865,4888,81,0,Ready,NULL,NULL,NULL,NULL
IB254998,5021,78,2,Ready,NULL,NULL,NULL,NULL
ID224744,4767,74,0,Ready,NULL,NULL,NULL,NULL
ID244448,4471,87,3,Placed,"Pandey, Balasubramanian and Naik","8.11 LPA",3,2023-04-29
ID254301,4324,90,2,Placed,"Bera, Karpe and Sharaf","6.59 LPA",4,2024-08-25
ID254834,4857,67,0,"Not Ready",NULL,NULL,NULL,NULL
IG224499,4522,57,0,"Not Ready",NULL,NULL,NULL,NULL
IK244876,4899,63,1,"Not Ready",NULL,NULL,NULL,NULL
IL234244,4267,84,1,Placed,"Nayar Group","5.41 LPA",3,2024-05-12
IL234421,4444,52,0,"Not Ready",NULL,NULL,NULL,NULL
IL244430,4453,75,1,Ready,NULL,NULL,NULL,NULL
IM234215,4238,86,1,Placed,"Ramesh, Sheth and Maharaj","4.39 LPA",5,2025-01-14
IN224541,4564,62,1,"Not Ready",NULL,NULL,NULL,NULL
IN244757,4780,57,1,"Not Ready",NULL,NULL,NULL,NULL
IN244848,4871,66,1,"Not Ready",NULL,NULL,NULL,NULL
IP224474,4497,73,1,Ready,NULL,NULL,NULL,NULL
IP244947,4970,56,0,"Not Ready",NULL,NULL,NULL,NULL
IR244108,4131,78,0,Ready,NULL,NULL,NULL,NULL
IR254112,4135,84,1,Ready,NULL,NULL,NULL,NULL
IS244006,4029,62,1,"Not Ready",NULL,NULL,NULL,NULL
IS244309,4332,74,2,Ready,NULL,NULL,NULL,NULL
IS254958,4981,90,3,Placed,"Rai, Anne and Biswas","6.3 LPA",5,2022-09-02
IY234911,4934,70,0,Ready,NULL,NULL,NULL,NULL
IY244846,4869,72,0,Ready,NULL,NULL,NULL,NULL
JB224225,4248,54,0,"Not Ready",NULL,NULL,NULL,NULL
JB224413,4436,81,0,Ready,NULL,NULL,NULL,NULL
JB234340,4363,68,1,"Not Ready",NULL,NULL,NULL,NULL
JB234993,5016,55,0,"Not Ready",NULL,NULL,NULL,NULL
JB244441,4464,79,0,Ready,NULL,NULL,NULL,NULL
JB244505,4528,53,0,"Not Ready",NULL,NULL,NULL,NULL
JB254437,4460,74,1,Ready,NULL,NULL,NULL,NULL
JD224152,4175,86,3,Placed,"Randhawa, Chada and Hegde","10.13 LPA",4,2024-08-23
JD254366,4389,50,0,"Not Ready",NULL,NULL,NULL,NULL
JG224624,4647,75,2,Ready,NULL,NULL,NULL,NULL
JH244688,4711,73,0,Ready,NULL,NULL,NULL,NULL
JI254113,4136,56,1,"Not Ready",NULL,NULL,NULL,NULL
JK224149,4172,84,1,Ready,NULL,NULL,NULL,NULL
JK224227,4250,72,1,Placed,"Prakash, Jayaraman and Wagle","14.2 LPA",3,2021-05-20
JK254355,4378,76,1,Ready,NULL,NULL,NULL,NULL
JK254460,4483,80,0,Ready,NULL,NULL,NULL,NULL
JK254508,4531,84,0,Ready,NULL,NULL,NULL,NULL
JL224775,4798,60,1,"Not Ready",NULL,NULL,NULL,NULL
JM224358,4381,50,0,"Not Ready",NULL,NULL,NULL,NULL
JM244367,4390,69,0,"Not Ready",NULL,NULL,NULL,NULL
JM244440,4463,53,0,"Not Ready",NULL,NULL,NULL,NULL
JM244627,4650,66,1,"Not Ready",NULL,NULL,NULL,NULL
JM254938,4961,51,0,"Not Ready",NULL,NULL,NULL,NULL
JN234539,4562,54,1,"Not Ready",NULL,NULL,NULL,NULL
JP254127,4150,50,1,"Not Ready",NULL,NULL,NULL,NULL
JP254737,4760,51,0,"Not Ready",NULL,NULL,NULL,NULL
JR224736,4759,75,2,Ready,NULL,NULL,NULL,NULL
JR254727,4750,59,1,"Not Ready",NULL,NULL,NULL,NULL
JR254770,4793,81,2,Ready,NULL,NULL,NULL,NULL
JS224458,4481,76,0,Ready,NULL,NULL,NULL,NULL
JS224663,4686,75,0,Ready,NULL,NULL,NULL,NULL
JS234252,4275,88,1,Placed,"Ghose Ltd","7.71 LPA",5,2023-06-26
JS234371,4394,51,0,"Not Ready",NULL,NULL,NULL,NULL
JS234591,4614,74,2,Ready,NULL,NULL,NULL,NULL
JS234820,4843,84,0,Ready,NULL,NULL,NULL,NULL
JS244409,4432,81,2,Ready,NULL,NULL,NULL,NULL
JS244780,4803,63,0,"Not Ready",NULL,NULL,NULL,NULL
JS254009,4032,93,1,Placed,"Mand Group","10.03 LPA",4,2022-06-11
JS254290,4313,54,1,"Not Ready",NULL,NULL,NULL,NULL
JS254611,4634,73,0,Ready,NULL,NULL,NULL,NULL
JV224368,4391,70,0,Ready,NULL,NULL,NULL,NULL
JZ234726,4749,51,0,"Not Ready",NULL,NULL,NULL,NULL
KA224351,4374,78,2,Ready,NULL,NULL,NULL,NULL
KA234828,4851,59,1,"Not Ready",NULL,NULL,NULL,NULL
KB224941,4964,66,0,"Not Ready",NULL,NULL,NULL,NULL
KB234044,4067,64,1,"Not Ready",NULL,NULL,NULL,NULL
KB244485,4508,72,0,Ready,NULL,NULL,NULL,NULL
KB244863,4886,58,0,"Not Ready",NULL,NULL,NULL,NULL
KB254324,4347,54,0,"Not Ready",NULL,NULL,NULL,NULL
KB254670,4693,64,1,"Not Ready",NULL,NULL,NULL,NULL
KD224562,4585,75,3,Placed,"Bahri Group","5.8 LPA",3,2023-01-09
KD234169,4192,81,1,Ready,NULL,NULL,NULL,NULL
KD234305,4328,61,0,"Not Ready",NULL,NULL,NULL,NULL
KG224271,4294,83,1,Ready,NULL,NULL,NULL,NULL
KH224809,4832,50,0,"Not Ready",NULL,NULL,NULL,NULL
KH244676,4699,53,0,"Not Ready",NULL,NULL,NULL,NULL
KI234028,4051,65,0,"Not Ready",NULL,NULL,NULL,NULL
KK224357,4380,61,0,"Not Ready",NULL,NULL,NULL,NULL
KK224621,4644,53,1,"Not Ready",NULL,NULL,NULL,NULL
KK224773,4796,85,2,Ready,NULL,NULL,NULL,NULL
KK234885,4908,82,0,Ready,NULL,NULL,NULL,NULL
KK244332,4355,85,0,Ready,NULL,NULL,NULL,NULL
KK244862,4885,56,0,"Not Ready",NULL,NULL,NULL,NULL
KK254173,4196,70,2,Ready,NULL,NULL,NULL,NULL
KM234776,4799,78,0,Ready,NULL,NULL,NULL,NULL
KM244094,4117,79,1,Ready,NULL,NULL,NULL,NULL
KM244111,4134,63,0,"Not Ready",NULL,NULL,NULL,NULL
KP224431,4454,85,0,Ready,NULL,NULL,NULL,NULL
KP224454,4477,50,0,"Not Ready",NULL,NULL,NULL,NULL
KP224751,4774,78,1,Ready,NULL,NULL,NULL,NULL
KR244432,4455,66,0,"Not Ready",NULL,NULL,NULL,NULL
KR244687,4710,85,2,Ready,NULL,NULL,NULL,NULL
KR244854,4877,68,0,"Not Ready",NULL,NULL,NULL,NULL
KS224181,4204,58,1,"Not Ready",NULL,NULL,NULL,NULL
KS224839,4862,78,0,Ready,NULL,NULL,NULL,NULL
KS234043,4066,100,1,Placed,"Bhatt LLC","10.52 LPA",4,2021-03-09
KS254054,4077,76,3,Placed,"Gopal LLC","4.89 LPA",4,2023-11-10
KS254168,4191,81,2,Ready,NULL,NULL,NULL,NULL
KS254317,4340,62,1,"Not Ready",NULL,NULL,NULL,NULL
KT234210,4233,57,0,"Not Ready",NULL,NULL,NULL,NULL
KV244548,4571,85,2,Ready,NULL,NULL,NULL,NULL
KV254483,4506,79,2,Ready,NULL,NULL,NULL,NULL
LA234832,4855,69,1,"Not Ready",NULL,NULL,NULL,NULL
LA254718,4741,59,0,"Not Ready",NULL,NULL,NULL,NULL
LB234251,4274,78,1,Ready,NULL,NULL,NULL,NULL
LB234635,4658,97,1,Placed,Prasad-Yohannan,"12.97 LPA",3,2024-05-15
LB234785,4808,59,0,"Not Ready",NULL,NULL,NULL,NULL
LB234929,4952,82,2,Ready,NULL,NULL,NULL,NULL
LB244569,4592,56,0,"Not Ready",NULL,NULL,NULL,NULL
LC224133,4156,50,1,"Not Ready",NULL,NULL,NULL,NULL
LC234678,4701,89,1,Placed,Mittal-Patla,"7.79 LPA",3,2024-02-04
LC234850,4873,52,1,"Not Ready",NULL,NULL,NULL,NULL
LC244122,4145,74,2,Placed,"Varma Ltd","12.34 LPA",3,2021-03-04
LD234183,4206,67,1,"Not Ready",NULL,NULL,NULL,NULL
LD254391,4414,77,1,Ready,NULL,NULL,NULL,NULL
LG224861,4884,57,0,"Not Ready",NULL,NULL,NULL,NULL
LG224916,4939,82,0,Ready,NULL,NULL,NULL,NULL
LL244177,4200,59,1,"Not Ready",NULL,NULL,NULL,NULL
LM224601,4624,94,3,Placed,Jha-Naik,"10.04 LPA",3,2021-05-06
LM224979,5002,80,1,Ready,NULL,NULL,NULL,NULL
LM234573,4596,81,1,Ready,NULL,NULL,NULL,NULL
LN244700,4723,54,1,"Not Ready",NULL,NULL,NULL,NULL
LP224397,4420,51,0,"Not Ready",NULL,NULL,NULL,NULL
LP224644,4667,63,1,"Not Ready",NULL,NULL,NULL,NULL
LP224840,4863,72,2,Ready,NULL,NULL,NULL,NULL
LP254750,4773,74,0,Ready,NULL,NULL,NULL,NULL
LR234533,4556,81,1,Ready,NULL,NULL,NULL,NULL
LR254566,4589,76,1,Ready,NULL,NULL,NULL,NULL
LR254628,4651,51,0,"Not Ready",NULL,NULL,NULL,NULL
LS234661,4684,82,0,Ready,NULL,NULL,NULL,NULL
LS244479,4502,72,2,Placed,"Dhawan and Sons","7.84 LPA",5,2022-08-20
LS254385,4408,84,0,Ready,NULL,NULL,NULL,NULL
LS254593,4616,73,2,Ready,NULL,NULL,NULL,NULL
LT254698,4721,59,1,"Not Ready",NULL,NULL,NULL,NULL
LV234313,4336,62,1,"Not Ready",NULL,NULL,NULL,NULL
LV234547,4570,58,0,"Not Ready",NULL,NULL,NULL,NULL
LV254018,4041,66,1,"Not Ready",NULL,NULL,NULL,NULL
LW234574,4597,55,0,"Not Ready",NULL,NULL,NULL,NULL
LW254145,4168,85,3,Placed,"Edwin, Goel and Zacharia","11.78 LPA",4,2023-12-08
MA244583,4606,50,1,"Not Ready",NULL,NULL,NULL,NULL
MA244703,4726,97,3,Placed,"Ray, Kapoor and Basu","9.35 LPA",4,2024-11-19
MB224137,4160,85,2,Ready,NULL,NULL,NULL,NULL
MB224268,4291,51,0,"Not Ready",NULL,NULL,NULL,NULL
MB234595,4618,80,2,Ready,NULL,NULL,NULL,NULL
MB244500,4523,76,1,Ready,NULL,NULL,NULL,NULL
MB244796,4819,54,0,"Not Ready",NULL,NULL,NULL,NULL
MB254791,4814,54,1,"Not Ready",NULL,NULL,NULL,NULL
MC224416,4439,67,0,"Not Ready",NULL,NULL,NULL,NULL
MG224525,4548,62,0,"Not Ready",NULL,NULL,NULL,NULL
MI234338,4361,72,0,Ready,NULL,NULL,NULL,NULL
MK234390,4413,72,2,Ready,NULL,NULL,NULL,NULL
MK234906,4929,75,1,Ready,NULL,NULL,NULL,NULL
MK244442,4465,51,1,"Not Ready",NULL,NULL,NULL,NULL
MM224079,4102,80,2,Ready,NULL,NULL,NULL,NULL
MM234402,4425,52,1,"Not Ready",NULL,NULL,NULL,NULL
MM244587,4610,64,0,"Not Ready",NULL,NULL,NULL,NULL
MM254091,4114,90,3,Placed,Vaidya-Vyas,"12.51 LPA",5,2024-08-14
MM254480,4503,58,0,"Not Ready",NULL,NULL,NULL,NULL
MM254683,4706,63,1,"Not Ready",NULL,NULL,NULL,NULL
MM254841,4864,65,1,"Not Ready",NULL,NULL,NULL,NULL
MN224047,4070,57,0,"Not Ready",NULL,NULL,NULL,NULL
MN224411,4434,62,0,"Not Ready",NULL,NULL,NULL,NULL
MN244312,4335,85,2,Ready,NULL,NULL,NULL,NULL
MN244937,4960,84,2,Ready,NULL,NULL,NULL,NULL
MR234068,4091,72,2,Ready,NULL,NULL,NULL,NULL
MS224981,5004,64,0,"Not Ready",NULL,NULL,NULL,NULL
MS234328,4351,75,2,Placed,"Tandon Group","5.01 LPA",4,2023-12-27
MS244019,4042,72,1,Ready,NULL,NULL,NULL,NULL
MS244066,4089,84,1,Ready,NULL,NULL,NULL,NULL
MS244395,4418,64,0,"Not Ready",NULL,NULL,NULL,NULL
MS244439,4462,87,2,Placed,"Dayal Group","9.13 LPA",5,2023-07-21
MT224004,4027,52,0,"Not Ready",NULL,NULL,NULL,NULL
MT224335,4358,80,1,Ready,NULL,NULL,NULL,NULL
MT244807,4830,72,1,Ready,NULL,NULL,NULL,NULL
MV244999,5022,77,1,Ready,NULL,NULL,NULL,NULL
NA234259,4282,77,1,Ready,NULL,NULL,NULL,NULL
NB234920,4943,64,1,"Not Ready",NULL,NULL,NULL,NULL
NB244424,4447,83,1,Placed,"Solanki LLC","8.08 LPA",4,2023-03-16
NB244614,4637,80,0,Ready,NULL,NULL,NULL,NULL
NB254991,5014,70,1,Ready,NULL,NULL,NULL,NULL
NC244502,4525,82,2,Ready,NULL,NULL,NULL,NULL
NC244742,4765,78,1,Ready,NULL,NULL,NULL,NULL
NC244923,4946,62,0,"Not Ready",NULL,NULL,NULL,NULL
ND234148,4171,60,0,"Not Ready",NULL,NULL,NULL,NULL
ND234199,4222,51,0,"Not Ready",NULL,NULL,NULL,NULL
ND234543,4566,85,2,Ready,NULL,NULL,NULL,NULL
ND234636,4659,91,2,Placed,"Bera, Bali and Kothari","7.62 LPA",3,2022-12-10
NG224348,4371,70,0,Ready,NULL,NULL,NULL,NULL
NG224949,4972,56,0,"Not Ready",NULL,NULL,NULL,NULL
NG234481,4504,71,0,Ready,NULL,NULL,NULL,NULL
NG254005,4028,54,1,"Not Ready",NULL,NULL,NULL,NULL
NH224308,4331,54,0,"Not Ready",NULL,NULL,NULL,NULL
NH254453,4476,78,1,Ready,NULL,NULL,NULL,NULL
NJ234258,4281,85,1,Ready,NULL,NULL,NULL,NULL
NK224666,4689,83,0,Ready,NULL,NULL,NULL,NULL
NK244542,4565,51,1,"Not Ready",NULL,NULL,NULL,NULL
NK254046,4069,64,1,"Not Ready",NULL,NULL,NULL,NULL
NK254561,4584,54,1,"Not Ready",NULL,NULL,NULL,NULL
NM234811,4834,66,0,"Not Ready",NULL,NULL,NULL,NULL
NM244299,4322,70,1,Ready,NULL,NULL,NULL,NULL
NN254049,4072,64,1,"Not Ready",NULL,NULL,NULL,NULL
NN254473,4496,76,1,Ready,NULL,NULL,NULL,NULL
NP224557,4580,65,0,"Not Ready",NULL,NULL,NULL,NULL
NP224868,4891,71,2,Ready,NULL,NULL,NULL,NULL
NP244048,4071,55,1,"Not Ready",NULL,NULL,NULL,NULL
NP254426,4449,100,1,Placed,"Dey, Bhalla and Krish","13.35 LPA",5,2022-09-03
NR234023,4046,70,0,Ready,NULL,NULL,NULL,NULL
NR234935,4958,53,0,"Not Ready",NULL,NULL,NULL,NULL
NR244230,4253,61,1,"Not Ready",NULL,NULL,NULL,NULL
NS224223,4246,67,1,"Not Ready",NULL,NULL,NULL,NULL
NS224618,4641,67,1,"Not Ready",NULL,NULL,NULL,NULL
NS234146,4169,82,0,Ready,NULL,NULL,NULL,NULL
NS234270,4293,99,1,Placed,Nagy-Lalla,"14.31 LPA",3,2024-10-03
NS234610,4633,60,0,"Not Ready",NULL,NULL,NULL,NULL
NS234890,4913,81,2,Ready,NULL,NULL,NULL,NULL
NS244425,4448,52,0,"Not Ready",NULL,NULL,NULL,NULL
NS254092,4115,63,0,"Not Ready",NULL,NULL,NULL,NULL
NS254928,4951,55,1,"Not Ready",NULL,NULL,NULL,NULL
NT224985,5008,79,1,Ready,NULL,NULL,NULL,NULL
NT254064,4087,77,2,Ready,NULL,NULL,NULL,NULL
NV224723,4746,86,3,Placed,"Saxena, Wable and Devan","7.68 LPA",4,2021-04-18
NV234769,4792,73,1,Ready,NULL,NULL,NULL,NULL
NV244278,4301,76,0,Ready,NULL,NULL,NULL,NULL
NV254567,4590,90,1,Placed,Aurora-Hans,"11.72 LPA",3,2023-11-17
NW244528,4551,52,0,"Not Ready",NULL,NULL,NULL,NULL
NW254855,4878,79,1,Ready,NULL,NULL,NULL,NULL
OA224157,4180,79,0,Ready,NULL,NULL,NULL,NULL
OA254596,4619,84,0,Ready,NULL,NULL,NULL,NULL
OB224921,4944,84,1,Ready,NULL,NULL,NULL,NULL
OB234428,4451,73,0,Ready,NULL,NULL,NULL,NULL
OB244167,4190,85,1,Ready,NULL,NULL,NULL,NULL
OB244211,4234,98,3,Placed,"Sabharwal Group","10.12 LPA",3,2025-02-24
OB254733,4756,77,3,Placed,Mukhopadhyay-Luthra,"4.3 LPA",3,2024-06-03
OC224747,4770,57,0,"Not Ready",NULL,NULL,NULL,NULL
OC244067,4090,85,1,Ready,NULL,NULL,NULL,NULL
OD244725,4748,96,3,Placed,Sabharwal-Pall,"13.54 LPA",3,2023-12-21
OD244756,4779,61,0,"Not Ready",NULL,NULL,NULL,NULL
OD244761,4784,51,1,"Not Ready",NULL,NULL,NULL,NULL
OD244978,5001,87,3,Placed,Wason-Kanda,"9.92 LPA",5,2021-09-23
OG224039,4062,78,0,Ready,NULL,NULL,NULL,NULL
OG234694,4717,59,0,"Not Ready",NULL,NULL,NULL,NULL
OG244946,4969,63,0,"Not Ready",NULL,NULL,NULL,NULL
OK224616,4639,50,1,"Not Ready",NULL,NULL,NULL,NULL
OK224952,4975,54,0,"Not Ready",NULL,NULL,NULL,NULL
OK234754,4777,85,1,Ready,NULL,NULL,NULL,NULL
OK254031,4054,72,2,Ready,NULL,NULL,NULL,NULL
OM234470,4493,69,0,"Not Ready",NULL,NULL,NULL,NULL
OM244010,4033,50,1,"Not Ready",NULL,NULL,NULL,NULL
OM244443,4466,77,0,Ready,NULL,NULL,NULL,NULL
OM254042,4065,82,2,Placed,"Purohit, Palan and Bhalla","10.13 LPA",3,2020-09-02
ON234724,4747,77,2,Ready,NULL,NULL,NULL,NULL
OP244379,4402,58,1,"Not Ready",NULL,NULL,NULL,NULL
OR224249,4272,55,1,"Not Ready",NULL,NULL,NULL,NULL
OR234282,4305,58,1,"Not Ready",NULL,NULL,NULL,NULL
OS234564,4587,52,0,"Not Ready",NULL,NULL,NULL,NULL
OS244025,4048,84,0,Ready,NULL,NULL,NULL,NULL
OS244207,4230,77,0,Ready,NULL,NULL,NULL,NULL
OS244354,4377,69,0,"Not Ready",NULL,NULL,NULL,NULL
OZ224144,4167,56,0,"Not Ready",NULL,NULL,NULL,NULL
PB224494,4517,66,1,"Not Ready",NULL,NULL,NULL,NULL
PB224685,4708,77,1,Ready,NULL,NULL,NULL,NULL
PB224902,4925,51,1,"Not Ready",NULL,NULL,NULL,NULL
PB244021,4044,65,0,"Not Ready",NULL,NULL,NULL,NULL
PB244288,4311,68,1,"Not Ready",NULL,NULL,NULL,NULL
PB244705,4728,71,2,Ready,NULL,NULL,NULL,NULL
PB244907,4930,56,1,"Not Ready",NULL,NULL,NULL,NULL
PC254206,4229,69,0,"Not Ready",NULL,NULL,NULL,NULL
PC254905,4928,84,0,Ready,NULL,NULL,NULL,NULL
PC254943,4966,70,0,Ready,NULL,NULL,NULL,NULL
PD224131,4154,85,1,Ready,NULL,NULL,NULL,NULL
PD244767,4790,73,2,Ready,NULL,NULL,NULL,NULL
PK234992,5015,74,2,Ready,NULL,NULL,NULL,NULL
PK254932,4955,56,0,"Not Ready",NULL,NULL,NULL,NULL
PM224521,4544,74,1,Ready,NULL,NULL,NULL,NULL
PN254347,4370,60,0,"Not Ready",NULL,NULL,NULL,NULL
PN254691,4714,74,1,Placed,"Vaidya, Bhatnagar and Bose","5.14 LPA",5,2022-02-04
PP224954,4977,99,3,Placed,Kapur-Dora,"13.04 LPA",3,2021-07-02
PP224986,5009,100,2,Placed,"Narang, Sekhon and Uppal","10.71 LPA",4,2021-02-12
PR224743,4766,56,1,"Not Ready",NULL,NULL,NULL,NULL
PS234927,4950,75,1,Ready,NULL,NULL,NULL,NULL
PS244250,4273,79,1,Placed,"Ravel Inc","9.55 LPA",3,2024-09-23
PS244555,4578,55,0,"Not Ready",NULL,NULL,NULL,NULL
PS244563,4586,51,0,"Not Ready",NULL,NULL,NULL,NULL
PT244090,4113,75,2,Ready,NULL,NULL,NULL,NULL
QA244417,4440,70,1,Ready,NULL,NULL,NULL,NULL
QB254866,4889,77,2,Ready,NULL,NULL,NULL,NULL
QC244738,4761,84,2,Ready,NULL,NULL,NULL,NULL
QG254822,4845,79,0,Ready,NULL,NULL,NULL,NULL
QK224826,4849,58,0,"Not Ready",NULL,NULL,NULL,NULL
QK244419,4442,75,0,Ready,NULL,NULL,NULL,NULL
QM234824,4847,85,1,Ready,NULL,NULL,NULL,NULL
QO254051,4074,80,1,Ready,NULL,NULL,NULL,NULL
QS224344,4367,69,0,"Not Ready",NULL,NULL,NULL,NULL
RA224888,4911,84,1,Ready,NULL,NULL,NULL,NULL
RB234389,4412,55,1,"Not Ready",NULL,NULL,NULL,NULL
RB234626,4649,74,2,Ready,NULL,NULL,NULL,NULL
RB234790,4813,58,1,"Not Ready",NULL,NULL,NULL,NULL
RB234856,4879,61,1,"Not Ready",NULL,NULL,NULL,NULL
RC224187,4210,56,1,"Not Ready",NULL,NULL,NULL,NULL
RC244405,4428,82,1,Ready,NULL,NULL,NULL,NULL
RC254518,4541,72,2,Ready,NULL,NULL,NULL,NULL
RC254682,4705,96,1,Placed,Hegde-Mani,"8.56 LPA",3,2021-08-16
RC254942,4965,82,0,Ready,NULL,NULL,NULL,NULL
RD224353,4376,74,2,Ready,NULL,NULL,NULL,NULL
RD244136,4159,89,2,Placed,"Ben, Narula and Pandey","6.29 LPA",4,2022-03-13
RD254719,4742,72,1,Ready,NULL,NULL,NULL,NULL
RG234178,4201,75,1,Ready,NULL,NULL,NULL,NULL
RG234217,4240,87,2,Placed,"Narasimhan, Magar and Date","5.02 LPA",4,2021-08-02
RG254709,4732,65,1,"Not Ready",NULL,NULL,NULL,NULL
RJ254778,4801,100,3,Placed,"Banerjee, Chana and Dugar","9.47 LPA",4,2022-01-16
RK234844,4867,73,1,Ready,NULL,NULL,NULL,NULL
RK244141,4164,71,1,Placed,"Grewal Inc","14.34 LPA",3,2020-03-10
RK244731,4754,75,3,Placed,"Kalita Group","9.7 LPA",4,2021-09-08
RK254033,4056,75,1,Ready,NULL,NULL,NULL,NULL
RK254321,4344,52,0,"Not Ready",NULL,NULL,NULL,NULL
RK254398,4421,67,0,"Not Ready",NULL,NULL,NULL,NULL
RK254578,4601,60,0,"Not Ready",NULL,NULL,NULL,NULL
RL234622,4645,80,1,Placed,"Sarna Group","9.07 LPA",4,2021-07-16
RM254895,4918,50,1,"Not Ready",NULL,NULL,NULL,NULL
RN244669,4692,68,1,"Not Ready",NULL,NULL,NULL,NULL
RN254083,4106,58,1,"Not Ready",NULL,NULL,NULL,NULL
RN254695,4718,75,3,Placed,"Sarkar, Sabharwal and Doshi","6.46 LPA",3,2025-04-15
RO234315,4338,80,0,Ready,NULL,NULL,NULL,NULL
RO234609,4632,73,1,Ready,NULL,NULL,NULL,NULL
RS224384,4407,54,1,"Not Ready",NULL,NULL,NULL,NULL
RS224675,4698,51,0,"Not Ready",NULL,NULL,NULL,NULL
RS234346,4369,51,1,"Not Ready",NULL,NULL,NULL,NULL
RS244511,4534,70,0,Ready,NULL,NULL,NULL,NULL
RS244847,4870,73,1,Ready,NULL,NULL,NULL,NULL
RS244903,4926,93,1,Placed,"Natt, Mammen and Mannan","4.56 LPA",3,2020-05-24
RT254501,4524,85,1,Placed,Agrawal-Prashad,"9.07 LPA",4,2020-11-01
RV244665,4688,73,2,Ready,NULL,NULL,NULL,NULL
RW234488,4511,79,1,Ready,NULL,NULL,NULL,NULL
RW244007,4030,94,1,Placed,"Kaul, Tata and Chopra","11.32 LPA",3,2020-11-26
RW244465,4488,84,1,Ready,NULL,NULL,NULL,NULL
RY224456,4479,62,0,"Not Ready",NULL,NULL,NULL,NULL
SA224782,4805,83,2,Ready,NULL,NULL,NULL,NULL
SA244129,4152,78,1,Ready,NULL,NULL,NULL,NULL
SB224307,4330,64,0,"Not Ready",NULL,NULL,NULL,NULL
SB224427,4450,51,1,"Not Ready",NULL,NULL,NULL,NULL
SB224658,4681,61,1,"Not Ready",NULL,NULL,NULL,NULL
SB234170,4193,66,0,"Not Ready",NULL,NULL,NULL,NULL
SB234620,4643,52,0,"Not Ready",NULL,NULL,NULL,NULL
SB234948,4971,73,0,Ready,NULL,NULL,NULL,NULL
SB234994,5017,94,3,Placed,"Agarwal PLC","14.96 LPA",4,2022-01-22
SB244766,4789,52,0,"Not Ready",NULL,NULL,NULL,NULL
SB254175,4198,81,0,Ready,NULL,NULL,NULL,NULL
SB254265,4288,82,0,Ready,NULL,NULL,NULL,NULL
SB254934,4957,58,1,"Not Ready",NULL,NULL,NULL,NULL
SC234777,4800,57,1,"Not Ready",NULL,NULL,NULL,NULL
SC244162,4185,59,0,"Not Ready",NULL,NULL,NULL,NULL
SC244446,4469,74,0,Ready,NULL,NULL,NULL,NULL
SC254306,4329,78,2,Placed,"Badal, Bassi and Savant","7.28 LPA",5,2022-09-12
SD224810,4833,89,1,Placed,Narula-Loke,"12.37 LPA",3,2020-01-13
SD244180,4203,79,1,Placed,"Kapadia Group","8.49 LPA",5,2020-02-05
SD244445,4468,65,0,"Not Ready",NULL,NULL,NULL,NULL
SD254235,4258,50,0,"Not Ready",NULL,NULL,NULL,NULL
SD254619,4642,84,2,Ready,NULL,NULL,NULL,NULL
SG224434,4457,62,1,"Not Ready",NULL,NULL,NULL,NULL
SG234630,4653,51,0,"Not Ready",NULL,NULL,NULL,NULL
SG244730,4753,63,0,"Not Ready",NULL,NULL,NULL,NULL
SK224218,4241,76,2,Ready,NULL,NULL,NULL,NULL
SK224781,4804,69,1,"Not Ready",NULL,NULL,NULL,NULL
SK234497,4520,68,0,"Not Ready",NULL,NULL,NULL,NULL
SK244364,4387,71,2,Ready,NULL,NULL,NULL,NULL
SK244484,4507,62,1,"Not Ready",NULL,NULL,NULL,NULL
SK244918,4941,63,1,"Not Ready",NULL,NULL,NULL,NULL
SK244955,4978,100,2,Placed,"Walla, Ganesan and Loyal","6.8 LPA",3,2023-11-07
SK254459,4482,83,1,Ready,NULL,NULL,NULL,NULL
SL244974,4997,83,1,Ready,NULL,NULL,NULL,NULL
SM224202,4225,84,2,Ready,NULL,NULL,NULL,NULL
SM224581,4604,50,0,"Not Ready",NULL,NULL,NULL,NULL
SM234107,4130,81,2,Placed,"Iyer Ltd","5.73 LPA",3,2021-10-31
SM244864,4887,53,1,"Not Ready",NULL,NULL,NULL,NULL
SM244990,5013,74,1,Ready,NULL,NULL,NULL,NULL
SM254491,4514,75,1,Ready,NULL,NULL,NULL,NULL
SN224003,4026,78,1,Ready,NULL,NULL,NULL,NULL
SP234240,4263,71,1,Ready,NULL,NULL,NULL,NULL
SP234262,4285,72,2,Placed,"Master, Dara and Mani","11.2 LPA",3,2023-07-14
SP234333,4356,72,1,Ready,NULL,NULL,NULL,NULL
SP244243,4266,70,1,Ready,NULL,NULL,NULL,NULL
SP254540,4563,90,2,Placed,"Wable and Sons","9.8 LPA",4,2021-07-22
SR224741,4764,58,1,"Not Ready",NULL,NULL,NULL,NULL
SR244392,4415,65,1,"Not Ready",NULL,NULL,NULL,NULL
SR254527,4550,64,0,"Not Ready",NULL,NULL,NULL,NULL
SS224234,4257,53,0,"Not Ready",NULL,NULL,NULL,NULL
SS224287,4310,50,0,"Not Ready",NULL,NULL,NULL,NULL
SS224803,4826,92,3,Placed,"Doshi, Lad and Deep","3.75 LPA",3,2022-05-31
SS234101,4124,53,0,"Not Ready",NULL,NULL,NULL,NULL
SS244037,4060,50,0,"Not Ready",NULL,NULL,NULL,NULL
SS244182,4205,54,1,"Not Ready",NULL,NULL,NULL,NULL
SS244444,4467,51,1,"Not Ready",NULL,NULL,NULL,NULL
SS254656,4679,55,0,"Not Ready",NULL,NULL,NULL,NULL
SS254831,4854,90,1,Placed,"Dugal, Grewal and Pandit","4.94 LPA",3,2022-11-10
SS254892,4915,57,1,"Not Ready",NULL,NULL,NULL,NULL
SS254971,4994,66,1,"Not Ready",NULL,NULL,NULL,NULL
SU244360,4383,73,2,Ready,NULL,NULL,NULL,NULL
SV224968,4991,82,2,Ready,NULL,NULL,NULL,NULL
SV244295,4318,72,2,Ready,NULL,NULL,NULL,NULL
SW244764,4787,61,0,"Not Ready",NULL,NULL,NULL,NULL
TB224163,4186,94,2,Placed,"Borra PLC","14.53 LPA",5,2020-04-23
TB234808,4831,59,1,"Not Ready",NULL,NULL,NULL,NULL
TB244253,4276,61,0,"Not Ready",NULL,NULL,NULL,NULL
TB254783,4806,97,1,Placed,"Ghose and Sons","6.92 LPA",3,2020-01-20
TB254814,4837,81,2,Ready,NULL,NULL,NULL,NULL
TB254879,4902,54,0,"Not Ready",NULL,NULL,NULL,NULL
TC224706,4729,71,0,Ready,NULL,NULL,NULL,NULL
TC244232,4255,95,2,Placed,"Baria Group","11.86 LPA",5,2025-04-08
TC254457,4480,75,0,Ready,NULL,NULL,NULL,NULL
TD224151,4174,69,0,"Not Ready",NULL,NULL,NULL,NULL
TD224648,4671,80,1,Ready,NULL,NULL,NULL,NULL
TD254233,4256,55,1,"Not Ready",NULL,NULL,NULL,NULL
TG224829,4852,85,2,Placed,Shankar-Pau,"13.99 LPA",4,2021-07-14
TH254449,4472,57,1,"Not Ready",NULL,NULL,NULL,NULL
TJ224375,4398,85,1,Ready,NULL,NULL,NULL,NULL
TJ224657,4680,70,3,Placed,"Prabhakar, Sarkar and Padmanabhan","10.21 LPA",3,2024-06-23
TJ254489,4512,63,0,"Not Ready",NULL,NULL,NULL,NULL
TK224660,4683,69,1,"Not Ready",NULL,NULL,NULL,NULL
TK234477,4500,58,1,"Not Ready",NULL,NULL,NULL,NULL
TK254135,4158,63,0,"Not Ready",NULL,NULL,NULL,NULL
TK254495,4518,93,3,Placed,Ramakrishnan-Setty,"14.8 LPA",5,2023-09-26
TL244819,4842,58,1,"Not Ready",NULL,NULL,NULL,NULL
TM224098,4121,74,0,Ready,NULL,NULL,NULL,NULL
TM244186,4209,61,1,"Not Ready",NULL,NULL,NULL,NULL
TM244641,4664,51,1,"Not Ready",NULL,NULL,NULL,NULL
TM254471,4494,62,1,"Not Ready",NULL,NULL,NULL,NULL
TN234267,4290,79,0,Ready,NULL,NULL,NULL,NULL
TN244452,4475,74,0,Ready,NULL,NULL,NULL,NULL
TN254551,4574,66,1,"Not Ready",NULL,NULL,NULL,NULL
TP224283,4306,77,1,Ready,NULL,NULL,NULL,NULL
TP234100,4123,79,1,Ready,NULL,NULL,NULL,NULL
TP234702,4725,70,2,Ready,NULL,NULL,NULL,NULL
TP254326,4349,85,2,Ready,NULL,NULL,NULL,NULL
TP254673,4696,84,0,Ready,NULL,NULL,NULL,NULL
TR234093,4116,58,1,"Not Ready",NULL,NULL,NULL,NULL
TR244615,4638,67,1,"Not Ready",NULL,NULL,NULL,NULL
TS234184,4207,63,0,"Not Ready",NULL,NULL,NULL,NULL
TS234684,4707,77,0,Ready,NULL,NULL,NULL,NULL
TS244117,4140,63,0,"Not Ready",NULL,NULL,NULL,NULL
TS244612,4635,77,3,Placed,Mistry-Ghosh,"11.16 LPA",5,2020-04-11
TS244671,4694,77,2,Ready,NULL,NULL,NULL,NULL
TS244749,4772,85,1,Placed,"Raju, Kara and Rana","10.63 LPA",5,2020-01-25
TV244512,4535,51,0,"Not Ready",NULL,NULL,NULL,NULL
TZ244894,4917,68,0,"Not Ready",NULL,NULL,NULL,NULL
UA254961,4984,78,1,Ready,NULL,NULL,NULL,NULL
UB224203,4226,85,3,Placed,"Chakraborty, Mallick and Pandey","11.0 LPA",3,2024-07-13
UB224272,4295,71,1,Placed,Lanka-Mammen,"12.18 LPA",4,2024-02-04
UB224565,4588,64,1,"Not Ready",NULL,NULL,NULL,NULL
UB224642,4665,61,1,"Not Ready",NULL,NULL,NULL,NULL
UB234119,4142,65,0,"Not Ready",NULL,NULL,NULL,NULL
UB234188,4211,80,1,Ready,NULL,NULL,NULL,NULL
UB244896,4919,92,1,Placed,"Swaminathan, Bath and Yadav","5.39 LPA",3,2024-01-19
UB254711,4734,52,0,"Not Ready",NULL,NULL,NULL,NULL
UB254989,5012,56,0,"Not Ready",NULL,NULL,NULL,NULL
UC234404,4427,67,1,"Not Ready",NULL,NULL,NULL,NULL
UC234779,4802,81,2,Ready,NULL,NULL,NULL,NULL
UC254155,4178,68,1,"Not Ready",NULL,NULL,NULL,NULL
UC254707,4730,72,0,Ready,NULL,NULL,NULL,NULL
UD224655,4678,74,1,Ready,NULL,NULL,NULL,NULL
UD234289,4312,54,1,"Not Ready",NULL,NULL,NULL,NULL
UD244720,4743,73,2,Ready,NULL,NULL,NULL,NULL
UG234798,4821,80,0,Ready,NULL,NULL,NULL,NULL
UG244014,4037,61,0,"Not Ready",NULL,NULL,NULL,NULL
UK234600,4623,91,2,Placed,"Chandran, Srinivasan and Sule","9.05 LPA",4,2020-02-26
UM224193,4216,83,1,Ready,NULL,NULL,NULL,NULL
UM234597,4620,89,2,Placed,"Mangat Inc","12.18 LPA",3,2025-02-26
UM234653,4676,59,1,"Not Ready",NULL,NULL,NULL,NULL
UM234664,4687,79,1,Placed,Ram-Bose,"9.73 LPA",3,2021-08-27
UM234759,4782,59,0,"Not Ready",NULL,NULL,NULL,NULL
UN244732,4755,85,2,Ready,NULL,NULL,NULL,NULL
UP224128,4151,52,1,"Not Ready",NULL,NULL,NULL,NULL
UP244027,4050,65,0,"Not Ready",NULL,NULL,NULL,NULL
UP244072,4095,54,0,"Not Ready",NULL,NULL,NULL,NULL
UP254104,4127,77,1,Ready,NULL,NULL,NULL,NULL
US234874,4897,68,1,"Not Ready",NULL,NULL,NULL,NULL
US254056,4079,57,0,"Not Ready",NULL,NULL,NULL,NULL
US254412,4435,79,2,Ready,NULL,NULL,NULL,NULL
US254504,4527,89,1,Placed,"Raman, Varty and Kala","7.69 LPA",4,2021-03-10
VA244334,4357,75,0,Ready,NULL,NULL,NULL,NULL
VA254945,4968,53,0,"Not Ready",NULL,NULL,NULL,NULL
VB234746,4769,57,0,"Not Ready",NULL,NULL,NULL,NULL
VB254758,4781,63,1,"Not Ready",NULL,NULL,NULL,NULL
VC234708,4731,73,0,Ready,NULL,NULL,NULL,NULL
VC244772,4795,52,1,"Not Ready",NULL,NULL,NULL,NULL
VC254836,4859,52,0,"Not Ready",NULL,NULL,NULL,NULL
VD224097,4120,73,2,Ready,NULL,NULL,NULL,NULL
VD244065,4088,53,1,"Not Ready",NULL,NULL,NULL,NULL
VD244972,4995,70,1,Ready,NULL,NULL,NULL,NULL
VD254052,4075,54,1,"Not Ready",NULL,NULL,NULL,NULL
VH254154,4177,72,2,Placed,"Dayal PLC","9.13 LPA",5,2023-03-12
VH254812,4835,60,1,"Not Ready",NULL,NULL,NULL,NULL
VK244132,4155,66,1,"Not Ready",NULL,NULL,NULL,NULL
VK254106,4129,52,0,"Not Ready",NULL,NULL,NULL,NULL
VK254248,4271,75,1,Ready,NULL,NULL,NULL,NULL
VM224768,4791,85,1,Ready,NULL,NULL,NULL,NULL
VM244881,4904,52,0,"Not Ready",NULL,NULL,NULL,NULL
VM254652,4675,65,1,"Not Ready",NULL,NULL,NULL,NULL
VN224255,4278,97,1,Placed,"Shukla, Subramaniam and Kalla","7.56 LPA",5,2023-12-18
VN254843,4866,77,2,Ready,NULL,NULL,NULL,NULL
VP224748,4771,79,2,Ready,NULL,NULL,NULL,NULL
VP234077,4100,78,2,Placed,"Kaul LLC","11.77 LPA",3,2022-07-25
VP244069,4092,83,2,Ready,NULL,NULL,NULL,NULL
VP244164,4187,71,1,Ready,NULL,NULL,NULL,NULL
VR234008,4031,59,1,"Not Ready",NULL,NULL,NULL,NULL
VR234325,4348,63,1,"Not Ready",NULL,NULL,NULL,NULL
VR234956,4979,58,0,"Not Ready",NULL,NULL,NULL,NULL
VR254345,4368,68,1,"Not Ready",NULL,NULL,NULL,NULL
VS224050,4073,76,1,Ready,NULL,NULL,NULL,NULL
VS224882,4905,76,1,Ready,NULL,NULL,NULL,NULL
VS234045,4068,55,1,"Not Ready",NULL,NULL,NULL,NULL
VS234372,4395,50,1,"Not Ready",NULL,NULL,NULL,NULL
VS234940,4963,62,0,"Not Ready",NULL,NULL,NULL,NULL
VS244242,4265,79,1,Ready,NULL,NULL,NULL,NULL
VS244689,4712,55,1,"Not Ready",NULL,NULL,NULL,NULL
VS254038,4061,55,0,"Not Ready",NULL,NULL,NULL,NULL
VT224361,4384,70,1,Ready,NULL,NULL,NULL,NULL
VV224696,4719,57,0,"Not Ready",NULL,NULL,NULL,NULL
VV234236,4259,77,0,Ready,NULL,NULL,NULL,NULL
VV234752,4775,73,2,Ready,NULL,NULL,NULL,NULL
VW234040,4063,52,1,"Not Ready",NULL,NULL,NULL,NULL
WB224830,4853,50,1,"Not Ready",NULL,NULL,NULL,NULL
WB224870,4893,71,1,Ready,NULL,NULL,NULL,NULL
WB244073,4096,57,0,"Not Ready",NULL,NULL,NULL,NULL
WB244603,4626,50,0,"Not Ready",NULL,NULL,NULL,NULL
WC244774,4797,59,1,"Not Ready",NULL,NULL,NULL,NULL
WD234074,4097,63,0,"Not Ready",NULL,NULL,NULL,NULL
WD234197,4220,78,1,Ready,NULL,NULL,NULL,NULL
WD234198,4221,52,1,"Not Ready",NULL,NULL,NULL,NULL
WD234447,4470,52,1,"Not Ready",NULL,NULL,NULL,NULL
WD234977,5000,68,1,"Not Ready",NULL,NULL,NULL,NULL
WD244728,4751,59,0,"Not Ready",NULL,NULL,NULL,NULL
WD254388,4411,91,1,Placed,Sane-Tripathi,"7.24 LPA",4,2023-08-31
WG224532,4555,71,2,Ready,NULL,NULL,NULL,NULL
WG244638,4661,71,1,Ready,NULL,NULL,NULL,NULL
WJ244196,4219,84,2,Placed,"Natt, Buch and Chowdhury","8.13 LPA",5,2020-06-23
WK224604,4627,66,0,"Not Ready",NULL,NULL,NULL,NULL
WK224634,4657,70,0,Ready,NULL,NULL,NULL,NULL
WK254878,4901,81,0,Ready,NULL,NULL,NULL,NULL
WL244701,4724,100,1,Placed,"Lal, Deshmukh and Narasimhan","3.88 LPA",4,2024-11-23
WM234022,4045,56,1,"Not Ready",NULL,NULL,NULL,NULL
WM234914,4937,73,0,Ready,NULL,NULL,NULL,NULL
WM244311,4334,77,0,Ready,NULL,NULL,NULL,NULL
WN224319,4342,70,0,Ready,NULL,NULL,NULL,NULL
WN234373,4396,51,1,"Not Ready",NULL,NULL,NULL,NULL
WO244359,4382,55,0,"Not Ready",NULL,NULL,NULL,NULL
WP244166,4189,62,0,"Not Ready",NULL,NULL,NULL,NULL
WR234889,4912,61,0,"Not Ready",NULL,NULL,NULL,NULL
WS224572,4595,56,0,"Not Ready",NULL,NULL,NULL,NULL
WS224973,4996,68,1,"Not Ready",NULL,NULL,NULL,NULL
WS234304,4327,51,0,"Not Ready",NULL,NULL,NULL,NULL
WS234369,4392,70,1,Ready,NULL,NULL,NULL,NULL
WS244026,4049,56,1,"Not Ready",NULL,NULL,NULL,NULL
WS254060,4083,94,2,Placed,"Tripathi, Prabhu and Gokhale","13.09 LPA",3,2024-05-29
WT244550,4573,55,1,"Not Ready",NULL,NULL,NULL,NULL
WY234957,4980,71,0,Ready,NULL,NULL,NULL,NULL
XA234930,4953,70,1,Ready,NULL,NULL,NULL,NULL
XB254200,4223,82,0,Ready,NULL,NULL,NULL,NULL
XD254498,4521,65,0,"Not Ready",NULL,NULL,NULL,NULL
XM244659,4682,53,1,"Not Ready",NULL,NULL,NULL,NULL
XR224374,4397,85,2,Ready,NULL,NULL,NULL,NULL
YB224085,4108,54,0,"Not Ready",NULL,NULL,NULL,NULL
YB224704,4727,51,1,"Not Ready",NULL,NULL,NULL,NULL
YB234524,4547,85,2,Ready,NULL,NULL,NULL,NULL
YB234897,4920,81,1,Ready,NULL,NULL,NULL,NULL
YB244286,4309,86,2,Placed,"Setty Ltd","11.04 LPA",5,2023-02-12
YB244875,4898,71,2,Placed,Lad-Manda,"5.66 LPA",4,2022-04-21
YB244901,4924,83,2,Ready,NULL,NULL,NULL,NULL
YB244969,4992,63,0,"Not Ready",NULL,NULL,NULL,NULL
YB254080,4103,58,1,"Not Ready",NULL,NULL,NULL,NULL
YC224314,4337,69,0,"Not Ready",NULL,NULL,NULL,NULL
YC224922,4945,63,0,"Not Ready",NULL,NULL,NULL,NULL
YC244142,4165,80,1,Ready,NULL,NULL,NULL,NULL
YD234503,4526,72,2,Ready,NULL,NULL,NULL,NULL
YD234802,4825,84,1,Ready,NULL,NULL,NULL,NULL
YG244423,4446,62,1,"Not Ready",NULL,NULL,NULL,NULL
YH234161,4184,72,1,Ready,NULL,NULL,NULL,NULL
YK224349,4372,70,1,Ready,NULL,NULL,NULL,NULL
YK224350,4373,73,1,Ready,NULL,NULL,NULL,NULL
YK244257,4280,100,3,Placed,"Bir, Talwar and Devan","13.99 LPA",4,2024-04-08
YK244463,4486,85,2,Ready,NULL,NULL,NULL,NULL
YK244585,4608,70,0,Ready,NULL,NULL,NULL,NULL
YK254577,4600,77,2,Placed,"Sane, Menon and Sani","10.83 LPA",5,2020-02-05
YK254584,4607,51,0,"Not Ready",NULL,NULL,NULL,NULL
YM224461,4484,74,2,Ready,NULL,NULL,NULL,NULL
YM224674,4697,84,0,Ready,NULL,NULL,NULL,NULL
YM224898,4921,57,0,"Not Ready",NULL,NULL,NULL,NULL
YM244515,4538,55,1,"Not Ready",NULL,NULL,NULL,NULL
YM254645,4668,81,0,Ready,NULL,NULL,NULL,NULL
YN234376,4399,53,0,"Not Ready",NULL,NULL,NULL,NULL
YO244987,5010,73,0,Ready,NULL,NULL,NULL,NULL
YR254171,4194,63,1,"Not Ready",NULL,NULL,NULL,NULL
YS224570,4593,55,1,"Not Ready",NULL,NULL,NULL,NULL
YS234933,4956,73,1,Ready,NULL,NULL,NULL,NULL
YS244220,4243,55,1,"Not Ready",NULL,NULL,NULL,NULL
YS244900,4923,78,3,Placed,"Bose Ltd","4.38 LPA",3,2022-05-18
YS244995,5018,54,1,"Not Ready",NULL,NULL,NULL,NULL
YS254590,4613,50,1,"Not Ready",NULL,NULL,NULL,NULL
YT224887,4910,69,0,"Not Ready",NULL,NULL,NULL,NULL
YT244717,4740,73,2,Placed,"Lad, Bhavsar and Subramaniam","13.53 LPA",3,2023-04-22
YT244763,4786,57,0,"Not Ready",NULL,NULL,NULL,NULL
YU244102,4125,50,1,"Not Ready",NULL,NULL,NULL,NULL
ZA244105,4128,76,3,Placed,"Mangal Group","5.85 LPA",4,2022-08-07
ZB224226,4249,94,1,Placed,Edwin-Karpe,"4.81 LPA",5,2024-03-14
ZB244553,4576,88,2,Placed,Pandya-Krishna,"12.55 LPA",3,2023-05-17
ZG234966,4989,83,2,Ready,NULL,NULL,NULL,NULL
ZH224576,4599,64,1,"Not Ready",NULL,NULL,NULL,NULL
ZK224156,4179,65,0,"Not Ready",NULL,NULL,NULL,NULL
ZK244677,4700,57,1,"Not Ready",NULL,NULL,NULL,NULL
ZM244965,4988,52,1,"Not Ready",NULL,NULL,NULL,NULL
ZN244607,4630,82,2,Placed,Kata-Borde,"11.16 LPA",5,2022-12-12
ZP244396,4419,82,0,Ready,NULL,NULL,NULL,NULL
ZR224960,4983,72,2,Ready,NULL,NULL,NULL,NULL
ZS234150,4173,72,1,Ready,NULL,NULL,NULL,NULL
ZS234939,4962,54,1,"Not Ready",NULL,NULL,NULL,NULL
ZU254140,4163,75,1,Ready,NULL,NULL,NULL,NULL
