programming_id,student_id,language,problems_solved,assessments_completed,mini_projects,certifications_earned,latest_project_score
AA4195,4218,"HTML, CSS, JavaScript, Node.js, React",53,5,6,2,75
AA4275,4298,SQL,97,1,5,4,99
AA4715,4738,SQL,529,4,8,0,100
AC4002,4025,SQL,564,3,8,4,78
AD4160,4183,"Python, Spark",596,10,8,1,78
AD4406,4429,"SQL, Python, Excel",261,4,10,5,72
AD4455,4478,"JavaScript, HTML, CSS, React",568,6,8,0,84
AD4771,4794,"Node.js, JavaScript",233,2,6,1,97
AF4535,4558,"React, HTML",171,10,6,0,66
AF4816,4839,Node.js,365,7,9,0,83
AK4351,4374,"Selenium, Java, Python",450,1,10,4,67
AK4828,4851,"Spark, Python",129,8,6,4,83
AL4718,4741,"Java, Selenium, Python",160,5,7,1,72
AL4832,4855,HTML,217,10,7,3,67
AM4583,4606,"Java, Selenium",160,1,7,5,72
AM4703,4726,"Python, Excel, SQL",594,5,10,5,69
AN4259,4282,"CSS, JavaScript, HTML",531,10,8,5,99
AO4157,4180,"JavaScript, Node.js",325,0,8,1,68
AO4596,4619,"Java, Selenium",370,0,9,4,64
AQ4417,4440,Excel,396,1,10,3,60
AR4888,4911,"Python, SQL",309,10,10,5,80
AS4129,4152,"Docker, Shell",317,9,8,3,71
AS4782,4805,"SQL, Python",595,9,8,3,70
AU4961,4984,"Python, SQL",516,6,10,5,93
AV4334,4357,Python,450,9,10,5,66
AV4945,4968,"React, CSS, Node.js",192,8,6,5,89
AX4930,4953,"Kubernetes, Python, Shell",600,6,8,0,96
AZ4105,4128,Python,332,4,8,0,100
BA4053,4076,Python,263,1,9,5,76
BA4088,4111,"Python, Java, Selenium",418,3,8,4,95
BA4120,4143,"Python, SQL, Excel",197,10,7,0,89
BA4134,4157,Python,169,7,7,5,94
BA4192,4215,SQL,178,1,6,3,78
BA4266,4289,Docker,261,7,10,1,97
BA4291,4314,Spark,437,5,8,2,60
BA4329,4352,"JavaScript, HTML, React, Node.js, CSS",323,8,9,3,96
BA4496,4519,"Spark, Python",63,9,6,3,97
BA4507,4530,"Excel, Python",576,3,9,1,79
BA4681,4704,"Shell, Docker, Kubernetes, Python",343,4,10,1,76
BA4710,4733,"Docker, Python",573,2,9,4,61
BA4789,4812,"SQL, Spark",378,10,9,0,96
BA4821,4844,Python,518,1,8,3,62
BA4851,4874,Python,160,9,6,1,70
BA4964,4987,Python,243,2,5,5,90
BB4062,4085,"Selenium, Python, Java",295,3,10,2,81
BB4765,4788,HTML,295,2,8,5,79
BB4818,4841,"Python, Java",67,8,5,5,75
BB4983,5006,"SQL, Excel, Python",369,3,9,2,100
BC4336,4359,Spark,240,1,6,4,66
BC4341,4364,"Node.js, JavaScript, CSS, React",389,1,10,1,90
BC4817,4840,"Python, SQL",500,9,8,0,89
BC4858,4881,"SQL, Excel",280,2,9,3,99
BD4123,4146,Shell,100,3,6,1,98
BD4194,4217,"SQL, Spark, Python",156,1,7,4,76
BD4560,4583,"Kubernetes, Shell",178,9,6,5,74
BD4598,4621,"SQL, Python",174,5,7,5,69
BD4672,4695,"Python, Kubernetes, Shell, Docker",132,3,5,0,67
BD4891,4914,"Python, Selenium",486,8,8,4,80
BD4917,4940,"Python, Java, Selenium",232,2,7,3,66
BE4071,4094,SQL,96,5,6,5,91
BE4076,4099,Python,379,10,10,5,97
BE4165,4188,"CSS, React, Node.js, JavaScript",423,3,8,5,95
BE4179,4202,Python,61,8,5,1,83
BE4632,4655,SQL,123,6,6,0,89
BE4835,4858,SQL,453,9,9,2,78
BF4158,4181,"Kubernetes, Python, Docker",576,5,9,4,87
BF4269,4292,"HTML, CSS",65,1,5,5,100
BF4400,4423,Kubernetes,300,7,9,4,92
BF4571,4594,Python,273,9,8,5,97
BF4639,4662,"Docker, Shell",372,7,10,3,71
BF4680,4703,"SQL, Spark, Python",585,6,9,4,76
BF4827,4850,"Spark, Python, SQL",87,0,6,2,69
BF4908,4931,"Python, Spark, SQL",309,3,10,4,80
BG4231,4254,"Selenium, Python, Java",414,4,8,3,72
BG4302,4325,"Selenium, Python",80,8,7,4,100
BG4356,4379,"HTML, Node.js, React",55,5,5,5,87
BH4647,4670,"CSS, HTML, Figma",378,7,8,4,89
BH4693,4716,"Node.js, React, JavaScript, CSS, HTML",331,10,9,2,88
BI4082,4105,"Excel, SQL",513,10,8,5,94
BI4086,4109,"Figma, CSS",184,0,5,3,76
BI4436,4459,"Excel, Python, SQL",374,2,10,5,65
BI4530,4553,Python,194,0,6,5,87
BI4842,4865,"CSS, Figma",325,2,9,4,77
BI4865,4888,"React, Node.js, CSS, JavaScript, HTML",593,4,10,2,87
BI4998,5021,"HTML, CSS",334,7,8,4,92
BJ4225,4248,Python,87,1,5,0,70
BJ4340,4363,"Python, SQL",212,10,5,1,87
BJ4413,4436,"Python, Java",251,9,10,4,68
BJ4437,4460,"Spark, Python",361,7,8,5,69
BJ4441,4464,"Selenium, Java, Python",284,3,9,4,88
BJ4505,4528,"Python, SQL",78,0,5,0,77
BJ4993,5016,"Python, SQL, Excel",69,3,7,3,80
BK4044,4067,"Docker, Shell, Kubernetes, Python",128,4,6,1,63
BK4324,4347,"JavaScript, React, CSS, HTML",81,2,5,1,65
BK4485,4508,"Node.js, CSS, React, HTML",378,6,10,1,84
BK4670,4693,"Node.js, JavaScript, HTML",245,4,5,2,66
BK4863,4886,"Excel, Python",113,10,7,1,95
BK4941,4964,Selenium,159,1,5,5,91
BL4251,4274,"HTML, CSS",273,1,10,5,95
BL4569,4592,Python,61,6,6,4,68
BL4635,4658,"Kubernetes, Shell, Docker",352,0,10,2,75
BL4785,4808,SQL,233,5,5,1,89
BL4929,4952,SQL,450,2,9,5,99
BM4137,4160,Figma,486,1,9,5,93
BM4268,4291,"Docker, Shell",169,5,5,5,75
BM4500,4523,"Figma, HTML, CSS",598,10,10,3,93
BM4595,4618,"Excel, SQL, Python",461,8,8,4,95
BM4791,4814,"CSS, HTML, Node.js, JavaScript",109,3,7,3,83
BM4796,4819,HTML,66,10,6,1,66
BN4424,4447,"Excel, SQL, Python",489,4,10,3,86
BN4614,4637,"SQL, Python, Excel",294,10,10,3,79
BN4920,4943,"Selenium, Python",166,6,6,5,80
BN4991,5014,Java,523,5,10,4,61
BO4167,4190,"Python, Docker, Shell, Kubernetes",308,4,8,4,60
BO4211,4234,"Java, Selenium, Python",528,3,10,3,73
BO4428,4451,"Python, Selenium",351,9,9,0,91
BO4733,4756,SQL,252,4,9,4,65
BO4921,4944,CSS,297,5,8,5,96
BP4021,4044,Kubernetes,59,7,5,2,66
BP4288,4311,"SQL, Python",138,10,6,3,74
BP4494,4517,"Python, SQL",215,9,7,0,96
BP4685,4708,Python,315,5,9,3,69
BP4705,4728,"Python, Shell, Kubernetes",534,5,10,5,80
BP4902,4925,"React, CSS, Node.js, JavaScript, HTML",65,8,7,3,85
BP4907,4930,Python,59,6,5,1,92
BQ4866,4889,"Python, Selenium, Java",489,1,10,2,63
BR4389,4412,Python,156,7,6,2,99
BR4626,4649,"Shell, Python, Docker",390,4,9,2,61
BR4790,4813,"CSS, HTML",216,6,7,1,66
BR4856,4879,"SQL, Excel, Python",91,3,7,5,79
BS4170,4193,"Java, Python",115,8,7,0,99
BS4175,4198,SQL,507,8,8,4,97
BS4265,4288,"Shell, Python, Kubernetes, Docker",373,10,10,4,87
BS4307,4330,"React, CSS, HTML, JavaScript, Node.js",151,2,7,1,89
BS4427,4450,HTML,103,8,7,5,91
BS4620,4643,"CSS, HTML",74,10,5,2,91
BS4658,4681,"Java, Selenium",71,9,7,3,64
BS4766,4789,"Python, Selenium, Java",169,1,6,3,92
BS4934,4957,"Spark, Python",171,1,6,4,82
BS4948,4971,Python,437,3,10,2,90
BS4994,5017,"Docker, Python",585,9,8,3,77
BT4163,4186,SQL,263,6,10,2,78
BT4253,4276,"Java, Selenium",215,4,6,3,89
BT4783,4806,"Shell, Kubernetes, Docker",561,7,8,2,61
BT4808,4831,"Spark, Python, SQL",156,6,6,4,82
BT4814,4837,"CSS, Node.js, JavaScript, React",511,4,10,1,87
BT4879,4902,"Docker, Python, Shell",99,5,7,3,88
BU4119,4142,Spark,67,8,7,0,89
BU4188,4211,"Python, Excel, SQL",383,4,10,1,83
BU4203,4226,"CSS, Figma",574,4,10,2,91
BU4272,4295,"Python, Java",569,6,9,1,95
BU4565,4588,"HTML, Figma, CSS",108,1,5,3,63
BU4642,4665,"Node.js, JavaScript, HTML, CSS",111,10,7,1,81
BU4711,4734,"CSS, HTML",199,1,7,2,88
BU4896,4919,"Python, Docker",593,0,8,5,63
BU4989,5012,"Excel, Python, SQL",180,7,7,3,96
BV4746,4769,"JavaScript, HTML, React, CSS",64,8,7,0,92
BV4758,4781,CSS,217,10,6,0,98
BW4073,4096,SQL,54,0,6,4,66
BW4603,4626,"HTML, Node.js",178,0,5,5,90
BW4830,4853,"HTML, CSS",201,8,6,3,67
BW4870,4893,CSS,549,2,9,1,63
BX4200,4223,Python,443,7,8,2,67
BY4080,4103,"Selenium, Java",212,8,6,2,83
BY4085,4108,"JavaScript, HTML, Node.js, CSS, React",104,6,6,3,66
BY4286,4309,"Python, Excel, SQL",524,7,10,0,93
BY4524,4547,"SQL, Python",398,0,9,5,66
BY4704,4727,"SQL, Spark",217,1,5,3,82
BY4875,4898,Java,464,4,9,2,67
BY4897,4920,Python,341,8,8,0,97
BY4901,4924,SQL,349,1,8,1,68
BY4969,4992,SQL,208,8,5,0,65
BZ4226,4249,"Shell, Kubernetes, Docker, Python",290,7,10,1,75
BZ4553,4576,"Spark, Python",415,4,9,0,91
CA4032,4055,"React, HTML, CSS, JavaScript, Node.js",112,2,6,2,96
CA4143,4166,"Node.js, CSS",141,6,5,2,68
CA4394,4417,"Python, Selenium, Java",474,9,9,4,78
CA4588,4611,"Python, Selenium",264,10,8,2,79
CA4690,4713,"Python, SQL",501,9,10,0,85
CB4059,4082,Python,482,9,9,4,100
CB4475,4498,"React, CSS, Node.js",364,2,10,0,83
CB4546,4569,"Kubernetes, Docker",325,9,10,1,84
CC4103,4126,"Spark, SQL",320,0,9,3,65
CC4285,4308,Python,309,5,10,0,71
CC4795,4818,"Python, SQL",346,4,9,5,63
CE4872,4895,"Python, Excel, SQL",183,6,6,5,100
CG4517,4540,SQL,550,5,9,4,70
CG4679,4702,SQL,275,5,9,0,79
CH4544,4567,"Excel, SQL, Python",376,3,8,0,79
CL4122,4145,SQL,376,9,9,0,61
CL4133,4156,"HTML, CSS",150,0,7,0,89
CL4678,4701,Java,349,4,10,4,60
CL4850,4873,"CSS, HTML, Node.js, JavaScript",173,1,7,2,61
CM4416,4439,"Python, Selenium",145,3,7,4,80
CN4502,4525,"Python, Selenium, Java",303,3,9,2,73
CN4742,4765,"Python, Docker",531,6,8,1,60
CN4923,4946,"CSS, HTML",85,10,7,5,91
CO4067,4090,"Python, Excel, SQL",334,10,8,3,98
CO4747,4770,CSS,129,10,7,0,98
CP4206,4229,SQL,117,8,7,5,74
CP4905,4928,"Docker, Python, Shell, Kubernetes",299,9,8,2,66
CP4943,4966,"Python, SQL",574,5,9,1,65
CQ4738,4761,"SQL, Python",270,6,8,4,70
CR4187,4210,Python,151,7,5,1,73
CR4405,4428,"Docker, Python, Kubernetes",312,9,9,2,74
CR4518,4541,"CSS, Figma, HTML",488,0,9,4,83
CR4682,4705,"Selenium, Java, Python",320,10,10,4,95
CR4942,4965,Excel,548,3,8,3,68
CS4162,4185,"Python, Docker, Kubernetes, Shell",54,8,6,0,67
CS4306,4329,SQL,308,5,9,5,66
CS4446,4469,"Figma, CSS, HTML",515,9,9,2,62
CS4777,4800,Kubernetes,140,10,5,4,62
CT4232,4255,"HTML, React, JavaScript, Node.js, CSS",552,1,8,3,84
CT4457,4480,Excel,547,0,10,4,62
CT4706,4729,Selenium,556,1,9,5,88
CU4155,4178,"Python, Java",81,3,5,2,85
CU4404,4427,"Python, Java, Selenium",217,9,6,0,75
CU4707,4730,"CSS, HTML",287,7,8,2,97
CU4779,4802,HTML,505,7,8,4,87
CV4708,4731,"Python, Java, Selenium",470,0,10,2,92
CV4772,4795,"Selenium, Python",153,9,7,4,77
CV4836,4859,"Figma, CSS, HTML",144,5,7,0,71
CW4774,4797,"Selenium, Python, Java",120,3,6,0,71
CY4142,4165,"Shell, Kubernetes",252,6,9,0,78
CY4314,4337,"Python, SQL",85,1,5,0,73
CY4922,4945,"Java, Python",219,4,5,4,84
DA4075,4098,JavaScript,90,9,7,0,99
DA4087,4110,CSS,514,4,10,4,72
DA4228,4251,SQL,250,7,9,3,95
DA4279,4302,Excel,286,6,10,1,91
DA4322,4345,"SQL, Excel, Python",312,1,10,5,93
DA4410,4433,"Kubernetes, Shell",551,6,10,4,92
DA4450,4473,"HTML, Node.js, CSS",216,10,5,3,81
DA4617,4640,"Python, Selenium",243,1,6,0,91
DA4722,4745,Python,359,1,10,2,77
DA4739,4762,"Selenium, Java",153,6,7,5,86
DA4753,4776,"SQL, Python",314,7,9,1,70
DA4845,4868,"Shell, Docker, Kubernetes",65,9,6,0,92
DA4904,4927,"Kubernetes, Python, Shell, Docker",161,5,7,5,79
DB4216,4239,"Python, SQL",561,5,9,4,90
DB4433,4456,Python,476,1,8,2,65
DC4327,4350,"SQL, Excel, Python",281,6,9,4,63
DC4337,4360,"Selenium, Python, Java",55,9,7,5,89
DC4519,4542,Python,462,0,10,3,68
DC4594,4617,"SQL, Python",218,4,7,0,93
DC4762,4785,"Python, SQL, Excel",498,6,10,3,85
DC4884,4907,"Docker, Python, Shell",197,6,6,0,100
DD4029,4052,"CSS, Figma, HTML",120,9,7,3,73
DD4472,4495,Docker,595,4,10,1,92
DD4813,4836,"Java, Selenium, Python",185,1,7,5,94
DE4190,4213,"Figma, CSS",193,9,5,3,91
DE4201,4224,"Java, Python",283,6,8,3,62
DE4363,4386,Spark,229,2,5,4,74
DE4393,4416,Python,80,10,5,3,90
DE4526,4549,Python,280,4,9,5,69
DE4637,4660,"Kubernetes, Shell",469,3,9,3,91
DE4913,4936,"Excel, Python, SQL",73,10,7,3,85
DF4662,4685,"Spark, Python",453,10,8,1,95
DH4015,4038,Python,116,9,7,1,75
DH4331,4354,"Spark, SQL",144,1,6,1,95
DH4493,4516,"CSS, Figma, HTML",83,8,7,4,68
DI4301,4324,"Python, SQL, Excel",273,8,10,2,68
DI4448,4471,"Spark, Python, SQL",429,8,9,1,64
DI4744,4767,Python,581,4,10,0,87
DI4834,4857,"Figma, CSS, HTML",71,3,7,0,64
DJ4152,4175,"Docker, Shell, Python",540,6,9,3,86
DJ4366,4389,"HTML, JavaScript, React, Node.js, CSS",237,4,6,4,100
DK4169,4192,"Python, Java, Selenium",487,6,9,5,98
DK4305,4328,"Shell, Python",246,9,6,3,94
DK4562,4585,SQL,386,0,8,1,90
DL4183,4206,"Excel, Python",73,0,7,3,100
DL4391,4414,"React, Node.js, CSS, HTML, JavaScript",253,1,8,2,83
DN4148,4171,"Excel, Python, SQL",98,8,7,1,83
DN4199,4222,"Excel, Python",172,6,6,4,77
DN4543,4566,"Python, Selenium, Java",583,6,8,4,84
DN4636,4659,"Kubernetes, Python, Shell",258,9,9,2,82
DO4725,4748,"Node.js, React",458,9,8,1,87
DO4756,4779,SQL,208,0,5,1,79
DO4761,4784,"Excel, SQL, Python",56,3,6,4,68
DO4978,5001,Python,509,8,8,5,82
DP4131,4154,"Python, SQL",339,6,9,5,77
DP4767,4790,"CSS, HTML",385,3,9,1,62
DR4136,4159,"JavaScript, React",580,10,8,2,83
DR4353,4376,SQL,307,7,8,5,81
DR4719,4742,"CSS, Figma, HTML",539,9,8,5,77
DS4180,4203,HTML,405,10,8,1,60
DS4235,4258,"SQL, Python",192,9,7,3,92
DS4445,4468,"HTML, CSS, Figma",240,2,6,4,90
DS4619,4642,"Shell, Kubernetes, Python, Docker",521,6,9,1,74
DS4810,4833,Selenium,262,5,10,2,65
DT4151,4174,Python,111,10,6,4,89
DT4233,4256,"Python, SQL",81,6,7,4,66
DT4648,4671,"Kubernetes, Shell, Python",353,4,8,2,74
DU4289,4312,"HTML, CSS, Figma",108,6,7,5,64
DU4655,4678,Node.js,520,2,8,0,92
DU4720,4743,"Java, Selenium",540,10,10,4,86
DV4052,4075,"SQL, Python",139,7,5,2,66
DV4065,4088,"Kubernetes, Docker, Python",98,10,7,5,98
DV4097,4120,"HTML, CSS, Figma",321,1,9,1,60
DV4972,4995,"CSS, HTML",539,5,9,1,75
DW4074,4097,Spark,166,6,5,1,96
DW4197,4220,HTML,490,1,8,3,72
DW4198,4221,"Selenium, Python",131,9,7,2,80
DW4388,4411,"Kubernetes, Shell",526,7,9,3,99
DW4447,4470,"Python, Kubernetes, Shell, Docker",64,0,6,5,70
DW4728,4751,"Figma, HTML, CSS",86,7,5,4,78
DW4977,5000,SQL,237,6,5,1,64
DX4498,4521,Python,122,6,5,1,67
DY4503,4526,"Python, Kubernetes, Shell",311,1,10,2,67
DY4802,4825,Python,383,2,8,3,74
ED4873,4896,CSS,134,7,6,0,91
GA4041,4064,"Spark, Python",516,0,10,5,80
GA4058,4081,"HTML, CSS, Figma",346,8,10,3,61
GA4061,4084,"Spark, Python, SQL",410,6,10,4,100
GA4138,4161,Figma,598,6,9,5,60
GA4330,4353,SQL,466,8,9,3,84
GA4953,4976,SQL,133,2,5,5,65
GB4387,4410,SQL,130,0,7,4,88
GB4786,4809,"Python, Selenium, Java",184,2,5,2,79
GC4246,4269,"SQL, Excel",389,4,10,0,91
GC4859,4882,"CSS, HTML",568,2,10,0,81
GF4300,4323,"JavaScript, React, Node.js, HTML, CSS",600,6,9,2,72
GG4492,4515,"SQL, Python, Excel",364,4,10,5,88
GG4537,4560,"Python, SQL",589,8,10,4,76
GG4633,4656,"CSS, HTML, React",208,0,5,4,85
GH4482,4505,"Node.js, CSS, JavaScript",285,3,8,5,74
GH4926,4949,"Python, SQL, Excel",243,9,6,4,92
GI4499,4522,"Python, SQL",77,8,7,3,75
GJ4624,4647,"HTML, React",587,2,10,4,99
GK4271,4294,"CSS, JavaScript, React, HTML",306,4,8,0,66
GL4861,4884,"SQL, Python",159,8,5,4,85
GL4916,4939,"Python, Java, Selenium",376,1,10,0,99
GM4525,4548,Figma,111,5,7,3,89
GN4005,4028,"Shell, Python, Kubernetes",151,3,7,5,67
GN4348,4371,"Spark, Python",476,1,8,3,73
GN4481,4504,"Kubernetes, Python",357,6,8,3,100
GN4949,4972,Kubernetes,148,1,6,0,93
GO4039,4062,"Shell, Kubernetes, Python, Docker",514,9,10,2,95
GO4694,4717,"Shell, Kubernetes, Docker, Python",111,5,5,2,92
GO4946,4969,"Python, Selenium, Java",92,1,7,4,100
GQ4822,4845,"HTML, Node.js, React, CSS, JavaScript",325,3,8,3,93
GR4178,4201,Spark,423,1,8,5,68
GR4217,4240,"Python, SQL",402,3,10,1,98
GR4709,4732,"Shell, Python, Docker, Kubernetes",122,8,7,5,96
GS4434,4457,"Selenium, Java, Python",179,4,5,2,70
GS4630,4653,SQL,141,2,7,2,80
GS4730,4753,"Figma, HTML",181,4,6,5,93
GT4829,4852,"HTML, CSS",570,3,9,2,81
GU4014,4037,Node.js,141,8,5,3,89
GU4798,4821,Figma,552,5,8,5,70
GW4532,4555,"SQL, Python",504,3,8,0,90
GW4638,4661,"Python, Selenium, Java",462,1,10,3,86
GY4423,4446,"JavaScript, React, HTML, CSS, Node.js",133,6,5,1,94
GZ4966,4989,"Node.js, React",531,6,9,4,84
HA4815,4838,"CSS, HTML",115,0,7,3,84
HF4801,4824,"Excel, SQL, Python",293,6,10,0,72
HG4797,4820,"Selenium, Java",232,0,5,1,88
HH4109,4132,Spark,371,2,10,4,93
HJ4688,4711,"Docker, Python, Shell",593,6,8,4,97
HK4676,4699,"SQL, Python",227,9,5,2,69
HK4809,4832,HTML,164,9,7,2,99
HN4308,4331,"Python, SQL",144,7,7,5,62
HN4453,4476,"Excel, SQL",332,6,10,2,77
HT4449,4472,HTML,163,2,7,4,99
HV4154,4177,"Excel, SQL, Python",448,7,8,1,71
HV4812,4835,"Python, SQL",88,8,6,1,95
HY4161,4184,"Python, SQL",455,6,8,5,79
HZ4576,4599,"Spark, SQL",242,4,7,3,67
ID4399,4422,"Figma, HTML",475,3,9,3,73
IG4536,4559,Python,137,6,6,5,93
IJ4113,4136,"Python, SQL",154,2,6,4,79
IK4028,4051,Node.js,81,5,6,3,93
IM4338,4361,"Figma, HTML, CSS",375,6,8,4,78
JC4589,4612,SQL,92,1,7,5,99
JE4804,4827,"Selenium, Java",253,10,8,1,90
JF4318,4341,"Kubernetes, Docker, Shell",445,5,10,4,71
JF4464,4487,SQL,585,10,8,4,88
JF4613,4636,"Python, Selenium",387,0,8,4,68
JG4794,4817,"Kubernetes, Docker, Python",214,8,6,1,64
JN4258,4281,"Spark, SQL, Python",512,3,8,2,71
JR4778,4801,Java,521,6,9,1,96
JT4375,4398,"Spark, Python, SQL",460,9,9,4,77
JT4489,4512,SQL,174,2,5,2,79
JT4657,4680,"Java, Python",327,4,9,2,64
JW4196,4219,"Docker, Shell, Python, Kubernetes",587,0,10,3,66
KA4121,4144,Figma,111,7,6,1,63
KA4668,4691,"Node.js, HTML, JavaScript, CSS",192,1,5,5,92
KA4721,4744,"Figma, CSS, HTML",126,4,6,4,60
KA4760,4783,"HTML, CSS",85,3,6,1,71
KA4880,4903,Spark,514,4,8,0,76
KA4980,5003,"SQL, Python",513,2,10,5,75
KB4176,4199,"SQL, Python",240,4,7,3,70
KB4241,4264,"Python, SQL, Spark",129,9,5,3,97
KB4256,4279,SQL,99,7,5,5,87
KB4509,4532,"HTML, Figma",194,2,7,4,98
KB4582,4605,Python,361,10,9,0,80
KC4401,4424,"Java, Selenium",439,7,9,2,73
KC4745,4768,"Docker, Python, Shell",283,10,8,0,83
KC4924,4947,"HTML, JavaScript, CSS",592,8,8,3,88
KD4001,4024,"React, CSS, Node.js",188,9,5,5,68
KD4017,4040,SQL,438,1,10,3,89
KD4030,4053,"Node.js, React, HTML, JavaScript",224,6,7,5,60
KD4281,4304,"SQL, Python",222,6,6,4,70
KD4362,4385,"Spark, Python",225,7,6,2,81
KD4608,4631,Python,185,6,6,3,73
KE4408,4431,"Kubernetes, Shell",442,4,8,3,84
KE4466,4489,"SQL, Excel",146,2,7,5,62
KE4559,4582,SQL,443,7,9,1,61
KF4415,4438,"Python, Excel",168,2,5,4,97
KF4605,4628,"Python, SQL",401,8,10,1,67
KF4629,4652,"Docker, Kubernetes, Python, Shell",234,0,7,0,79
KF4910,4933,"JavaScript, React, HTML, CSS",406,7,9,5,71
KG4096,4119,"CSS, React, Node.js, JavaScript",183,4,6,4,76
KG4800,4823,Selenium,67,10,5,2,92
KG4869,4892,"Excel, SQL",227,1,7,5,81
KG4919,4942,Excel,250,2,10,0,62
KG4982,5005,Kubernetes,528,4,9,0,61
KG4996,5019,Docker,187,1,6,3,71
KH4011,4034,"JavaScript, HTML, Node.js",199,1,7,2,63
KH4320,4343,CSS,71,3,7,3,75
KH4788,4811,"Python, Excel",147,0,5,1,83
KI4876,4899,Figma,208,7,7,2,99
KJ4149,4172,"HTML, Figma, CSS",431,5,9,3,69
KJ4227,4250,Python,339,0,10,0,84
KJ4355,4378,CSS,583,10,8,4,88
KJ4460,4483,"Excel, Python, SQL",529,3,10,0,73
KJ4508,4531,"Selenium, Python",485,4,10,0,68
KK4173,4196,Selenium,515,7,10,4,83
KK4332,4355,"Docker, Shell, Python",318,10,8,4,81
KK4357,4380,"HTML, CSS, Figma",170,2,6,1,89
KK4621,4644,"JavaScript, HTML, React, Node.js",74,10,6,4,96
KK4773,4796,"SQL, Python",512,4,9,3,94
KK4862,4885,Shell,131,6,5,1,96
KK4885,4908,"Python, Shell, Docker, Kubernetes",271,2,10,3,86
KM4390,4413,"CSS, Node.js, HTML",261,9,9,4,84
KM4442,4465,"Python, Spark, SQL",86,5,5,2,88
KM4906,4929,Python,512,7,10,4,66
KN4046,4069,SQL,90,1,7,0,70
KN4542,4565,"Docker, Python, Shell",187,5,6,5,72
KN4561,4584,Figma,134,0,5,4,73
KN4666,4689,Excel,327,0,10,4,98
KO4031,4054,Figma,417,8,8,4,73
KO4616,4639,SQL,185,2,7,0,64
KO4754,4777,CSS,589,4,10,3,70
KO4952,4975,Python,85,1,5,1,93
KP4932,4955,"Python, SQL",63,2,5,5,88
KP4992,5015,"Java, Selenium",421,6,8,2,62
KQ4419,4442,"Python, Spark, SQL",385,4,10,5,96
KQ4826,4849,"Python, Spark",58,3,7,5,74
KR4033,4056,Python,403,0,9,0,64
KR4141,4164,HTML,368,1,8,5,90
KR4321,4344,Python,233,10,6,4,91
KR4398,4421,Python,208,7,6,1,71
KR4578,4601,Spark,183,10,5,4,91
KR4731,4754,"Spark, SQL",445,1,8,1,60
KR4844,4867,Python,267,8,8,0,63
KS4218,4241,JavaScript,483,6,8,2,61
KS4364,4387,"HTML, Figma",541,0,10,2,61
KS4459,4482,"Python, SQL",499,0,10,1,86
KS4484,4507,"Python, Spark",207,1,7,3,70
KS4497,4520,"Node.js, HTML, React",227,10,5,0,83
KS4781,4804,"Node.js, CSS, JavaScript",238,1,5,1,87
KS4918,4941,SQL,61,4,5,3,75
KS4955,4978,"Excel, Python",406,1,9,3,78
KT4135,4158,"Selenium, Python, Java",126,7,7,5,82
KT4477,4500,"SQL, Spark",162,3,6,0,78
KT4495,4518,JavaScript,440,5,8,0,91
KT4660,4683,"SQL, Spark",225,9,5,5,99
KU4600,4623,"CSS, Node.js",390,0,9,1,64
KV4106,4129,"Figma, HTML, CSS",220,7,7,4,61
KV4132,4155,"Excel, SQL",120,7,7,5,81
KV4248,4271,"SQL, Python",424,8,10,2,65
KW4604,4627,"Selenium, Python, Java",56,7,5,4,71
KW4634,4657,"CSS, Figma",476,9,10,4,63
KW4878,4901,"Figma, CSS",480,2,10,3,91
KY4257,4280,Excel,496,5,10,2,81
KY4349,4372,SQL,286,3,8,4,60
KY4350,4373,"Figma, CSS, HTML",594,8,8,0,80
KY4463,4486,Java,519,5,9,0,63
KY4577,4600,Spark,503,2,9,5,95
KY4584,4607,"Python, Java, Selenium",143,1,6,4,85
KY4585,4608,"CSS, HTML, JavaScript, Node.js",580,3,9,3,72
KZ4156,4179,Spark,209,7,5,3,99
KZ4677,4700,"Python, SQL",79,8,6,0,70
LA4078,4101,"Python, Java",272,8,8,4,93
LA4646,4669,Figma,598,7,8,0,79
LC4089,4112,"Spark, Python",152,7,5,2,100
LC4951,4974,"React, JavaScript, HTML",586,2,10,2,96
LD4115,4138,"HTML, CSS, React, JavaScript, Node.js",404,10,9,5,67
LD4784,4807,Python,581,5,9,3,64
LG4579,4602,"Python, Selenium",252,5,10,3,61
LH4853,4876,"HTML, JavaScript, React",479,1,9,5,65
LH4997,5020,"HTML, CSS",396,8,10,0,74
LI4244,4267,Python,315,8,9,1,97
LI4421,4444,"Excel, SQL",174,6,7,0,82
LI4430,4453,"Python, Selenium",572,7,9,2,88
LJ4775,4798,"Python, SQL, Spark",136,6,7,1,71
LL4177,4200,"Docker, Kubernetes",143,10,5,4,90
LR4622,4645,"HTML, Node.js, JavaScript",466,3,9,5,67
LS4974,4997,"Kubernetes, Docker",368,5,10,1,67
LT4819,4842,Java,60,5,7,0,95
LW4701,4724,"SQL, Excel",306,4,8,2,78
MA4034,4057,"Excel, SQL, Python",157,7,5,2,85
MA4063,4086,"Figma, HTML, CSS",207,0,7,2,86
MA4084,4107,Java,120,6,6,2,69
MA4147,4170,"Docker, Shell, Kubernetes, Python",574,7,10,0,60
MA4174,4197,Selenium,486,1,10,1,68
MA4191,4214,"Figma, HTML, CSS",362,1,8,3,81
MA4297,4320,"HTML, Node.js",371,0,9,0,61
MA4438,4461,"CSS, React, HTML, JavaScript",77,0,5,4,96
MA4545,4568,"Python, Java, Selenium",478,3,10,1,93
MA4554,4577,"Python, Spark",95,7,6,2,96
MA4625,4648,"Python, SQL",463,7,9,5,99
MA4755,4778,Python,54,3,7,0,88
MA4823,4846,"HTML, Figma",475,4,9,4,78
MA4886,4909,"HTML, CSS, JavaScript, Node.js",435,0,9,2,75
MA4944,4967,SQL,590,7,8,0,60
MB4116,4139,Figma,122,1,6,5,80
MB4276,4299,SQL,490,5,10,5,80
MB4377,4400,Shell,271,0,9,5,97
MB4714,4737,"Python, SQL",400,8,10,0,65
MB4877,4900,Python,518,1,10,5,99
MC4124,4147,"Spark, SQL, Python",559,7,8,0,91
MC4382,4405,"JavaScript, HTML, CSS, React",73,4,7,3,66
MC4549,4572,"JavaScript, CSS, HTML",287,5,10,2,78
MD4013,4036,"Spark, SQL, Python",579,4,10,1,65
MD4035,4058,SQL,453,1,10,3,85
MD4055,4078,"Figma, HTML",157,8,7,4,86
MD4159,4182,Excel,304,2,8,2,65
MD4212,4235,"React, JavaScript, HTML, Node.js",172,6,6,3,99
MD4237,4260,"SQL, Python, Spark",386,9,10,5,83
MD4260,4283,"HTML, CSS",110,9,5,5,90
MD4263,4286,Selenium,118,3,5,1,64
MD4735,4758,"Spark, Python",301,9,9,1,64
ME4172,4195,"Python, Spark",124,9,7,1,83
MF4189,4212,"Kubernetes, Python",263,0,10,0,86
MF4219,4242,"Kubernetes, Shell",168,0,7,4,69
MF4650,4673,Python,138,3,6,3,96
MF4734,4757,"CSS, HTML, Figma",233,10,7,4,70
MG4420,4443,"Python, Shell, Kubernetes",579,1,9,1,100
MG4451,4474,Python,60,5,5,2,79
MH4490,4513,"Python, SQL",117,6,5,1,97
MH4602,4625,"Spark, Python, SQL",59,8,6,2,80
MH4686,4709,Python,498,1,9,1,96
MH4925,4948,"HTML, CSS, Figma",489,6,10,3,89
MI4215,4238,Python,514,6,10,2,67
MJ4358,4381,CSS,241,5,6,5,78
MJ4367,4390,Shell,100,10,5,4,78
MJ4440,4463,Docker,109,6,5,0,100
MJ4627,4650,"Python, Selenium, Java",119,3,7,0,63
MJ4938,4961,"Docker, Python, Shell, Kubernetes",94,6,7,3,76
MK4094,4117,"SQL, Python, Spark",466,5,9,0,71
MK4111,4134,Python,74,5,7,0,92
MK4776,4799,"Python, SQL",271,2,8,5,77
ML4573,4596,"Python, SQL",254,8,9,5,86
ML4601,4624,"Python, Java",469,5,9,4,64
ML4979,5002,"HTML, CSS, Figma",485,9,8,1,95
MM4079,4102,"Java, Selenium, Python",532,6,8,1,73
MM4091,4114,"CSS, Figma, HTML",595,2,9,3,69
MM4402,4425,"SQL, Python",223,2,6,3,85
MM4480,4503,"Spark, Python, SQL",155,1,5,5,69
MM4587,4610,"Python, Excel, SQL",88,10,6,4,71
MM4683,4706,"Python, SQL",136,6,6,0,77
MM4841,4864,"CSS, HTML",73,6,5,5,100
MN4299,4322,Shell,409,5,8,4,99
MN4811,4834,SQL,106,4,6,0,93
MO4010,4033,Kubernetes,226,4,6,2,94
MO4042,4065,SQL,483,6,10,0,62
MO4443,4466,Python,497,8,9,4,62
MO4470,4493,"JavaScript, HTML",158,3,7,1,88
MP4521,4544,Python,593,4,9,3,87
MQ4824,4847,SQL,450,1,9,3,86
MR4895,4918,"Figma, HTML",158,2,6,5,77
MS4107,4130,"Spark, Python",553,5,10,0,60
MS4202,4225,"Python, SQL, Spark",317,8,10,3,72
MS4491,4514,HTML,284,2,9,1,95
MS4581,4604,"SQL, Python",171,4,7,3,63
MS4864,4887,"Python, SQL",182,1,5,2,87
MS4990,5013,"Kubernetes, Docker, Python, Shell",294,5,10,4,69
MT4098,4121,"Python, SQL",293,0,9,1,94
MT4186,4209,"Python, Java, Selenium",214,3,7,0,87
MT4471,4494,"Python, SQL",203,0,5,2,77
MT4641,4664,Python,85,9,5,2,74
MU4193,4216,"HTML, CSS, JavaScript, Node.js",412,2,9,3,78
MU4597,4620,"Python, SQL",580,0,9,5,87
MU4653,4676,"SQL, Python",135,2,6,0,100
MU4664,4687,SQL,336,2,10,2,84
MU4759,4782,"Python, Excel, SQL",167,8,7,0,92
MV4652,4675,Docker,105,7,7,1,63
MV4768,4791,"SQL, Python",563,9,9,1,84
MV4881,4904,CSS,89,9,6,0,86
MW4022,4045,SQL,53,9,5,3,92
MW4311,4334,"Python, SQL",477,5,10,3,79
MW4914,4937,"SQL, Python",395,3,10,5,71
MX4659,4682,Java,127,5,7,4,85
MY4461,4484,"Python, Selenium",258,4,8,2,70
MY4515,4538,Selenium,94,10,7,0,86
MY4645,4668,"Python, Spark, SQL",593,9,8,3,82
MY4674,4697,"JavaScript, HTML",491,2,10,4,94
MY4898,4921,Java,120,4,6,0,99
MZ4965,4988,"Figma, CSS, HTML",131,5,5,0,75
NA4274,4297,"Kubernetes, Python, Shell, Docker",109,1,6,3,65
NB4221,4244,HTML,161,7,5,4,95
NB4284,4307,SQL,568,2,10,3,82
NB4806,4829,"Spark, Python, SQL",155,4,7,3,91
NC4036,4059,"Figma, HTML, CSS",451,9,8,4,73
NC4273,4296,"HTML, Figma, CSS",368,8,8,3,82
ND4224,4247,"Figma, HTML",136,9,6,5,94
ND4403,4426,Shell,85,5,5,2,91
ND4893,4916,Spark,51,9,7,3,65
NE4378,4401,"JavaScript, CSS, React, Node.js",500,7,9,5,71
NE4984,5007,CSS,399,8,10,0,95
NI4541,4564,"SQL, Python",51,9,6,4,66
NI4757,4780,"React, HTML",193,9,5,3,91
NI4848,4871,"SQL, Python",74,7,5,2,61
NJ4539,4562,Python,235,1,5,1,91
NL4700,4723,"Excel, SQL, Python",148,4,6,5,99
NM4047,4070,JavaScript,128,7,5,3,88
NM4312,4335,"React, HTML",273,7,8,4,65
NM4411,4434,"Python, Java",138,8,5,4,68
NM4937,4960,"Node.js, React, JavaScript",379,9,9,4,77
NN4049,4072,"Kubernetes, Shell, Python",94,10,5,4,100
NN4473,4496,"Python, Shell, Docker",406,8,8,4,87
NO4724,4747,"Kubernetes, Docker",532,7,10,1,92
NP4347,4370,"HTML, React, Node.js",123,9,7,4,67
NP4691,4714,Python,410,8,9,5,67
NR4083,4106,Java,148,7,5,2,81
NR4669,4692,"Python, SQL",72,6,5,5,70
NR4695,4718,React,347,10,10,3,66
NS4003,4026,SQL,552,0,9,5,83
NT4267,4290,"SQL, Spark",408,1,9,4,88
NT4452,4475,Excel,562,0,8,1,87
NT4551,4574,Spark,121,3,6,0,66
NU4732,4755,"Selenium, Python",412,8,10,1,90
NV4255,4278,"Java, Python, Selenium",369,5,9,1,61
NV4843,4866,Selenium,343,10,9,1,63
NW4319,4342,Node.js,563,0,9,0,69
NW4373,4396,"Excel, SQL",198,5,6,3,90
NY4376,4399,"SQL, Spark, Python",72,10,5,0,74
NZ4607,4630,"React, CSS",423,9,8,2,87
OQ4051,4074,"SQL, Spark, Python",465,0,9,5,76
OR4315,4338,"Java, Python, Selenium",468,6,10,4,98
OR4609,4632,"Figma, CSS",577,1,8,2,73
OW4359,4382,"Selenium, Java, Python",70,6,7,2,74
OY4987,5010,"Java, Python",352,6,8,2,88
PA4209,4232,"Kubernetes, Shell, Docker",130,4,5,3,99
PA4213,4236,"Kubernetes, Docker, Python",90,2,6,1,92
PA4365,4388,Python,174,5,5,5,72
PA4414,4437,"Python, Java, Selenium",228,10,7,3,65
PA4435,4458,"Python, SQL",190,4,7,2,73
PA4462,4485,"Python, SQL",240,8,5,5,79
PA4586,4609,"SQL, Excel, Python",158,8,7,5,75
PB4599,4622,"CSS, HTML",121,9,7,2,66
PB4975,4998,Python,153,0,6,2,88
PB4988,5011,"SQL, Python, Excel",329,7,9,3,86
PC4343,4366,"Excel, Python",559,3,10,3,74
PC4654,4677,"Python, Kubernetes, Shell, Docker",187,4,7,2,78
PC4716,4739,"Figma, HTML, CSS",199,10,6,5,100
PD4418,4441,Figma,69,0,6,4,61
PE4245,4268,"HTML, JavaScript, Node.js",105,3,6,0,98
PF4099,4122,Python,170,7,6,1,62
PG4153,4176,"Docker, Kubernetes, Shell",485,5,10,0,83
PG4323,4346,"HTML, CSS",368,7,9,1,67
PG4531,4554,"Java, Selenium",459,7,8,2,93
PG4860,4883,"HTML, JavaScript, React, CSS, Node.js",516,6,10,0,77
PH4239,4262,"SQL, Python",272,8,8,3,61
PH4871,4894,"JavaScript, HTML",429,1,10,3,80
PI4474,4497,"Python, Kubernetes, Docker",346,7,8,4,83
PI4947,4970,Java,138,3,5,1,62
PJ4127,4150,SQL,199,2,7,3,87
PJ4737,4760,SQL,173,3,7,0,94
PK4431,4454,"Python, Spark",467,6,8,4,68
PK4454,4477,"Node.js, React, JavaScript, HTML",89,2,7,1,89
PK4751,4774,Python,271,7,9,0,73
PL4397,4420,"Shell, Python, Kubernetes",196,4,7,1,93
PL4644,4667,"Excel, Python, SQL",241,8,6,4,88
PL4750,4773,"Python, Excel, SQL",361,2,8,0,97
PL4840,4863,"Python, SQL",280,2,10,1,65
PN4048,4071,"Node.js, CSS, HTML, JavaScript",82,5,5,3,69
PN4426,4449,"Kubernetes, Docker",383,0,9,4,92
PN4557,4580,"Excel, SQL, Python",120,0,5,5,70
PN4868,4891,"SQL, Excel, Python",367,9,9,2,99
PO4379,4402,"Excel, Python",96,9,7,5,88
PP4954,4977,"Selenium, Python",487,9,9,1,84
PP4986,5009,"CSS, Figma",294,9,9,5,76
PS4240,4263,"Java, Selenium",334,4,10,5,99
PS4243,4266,"React, HTML, Node.js, JavaScript",461,7,9,3,88
PS4262,4285,"SQL, Excel, Python",251,3,10,1,96
PS4333,4356,"Shell, Python, Docker, Kubernetes",406,3,9,5,83
PS4540,4563,SQL,580,4,8,2,65
PT4100,4123,"Python, Excel, SQL",322,1,8,5,87
PT4283,4306,"SQL, Python, Spark",414,7,8,4,93
PT4326,4349,Python,588,10,10,1,60
PT4673,4696,"Python, SQL",591,0,10,4,80
PT4702,4725,"Python, SQL",496,9,9,0,70
PU4027,4050,"Python, Kubernetes",186,10,7,4,70
PU4072,4095,Excel,116,4,6,5,86
PU4104,4127,"HTML, JavaScript",533,6,8,0,81
PU4128,4151,"SQL, Python",231,9,6,5,95
PV4069,4092,"Docker, Shell, Kubernetes",298,9,10,2,90
PV4077,4100,"Excel, SQL, Python",287,6,9,4,66
PV4164,4187,"Shell, Python",276,8,8,3,75
PV4748,4771,"SQL, Python, Excel",315,0,8,4,87
PW4166,4189,"Python, SQL",197,7,7,1,98
PZ4396,4419,Docker,558,8,9,4,84
RA4254,4277,"HTML, JavaScript, Node.js, CSS, React",209,5,6,0,98
RA4298,4321,"Python, Excel, SQL",254,4,8,4,73
RA4370,4393,"SQL, Python, Spark",402,0,10,2,93
RA4514,4537,"Python, SQL, Excel",159,0,5,2,82
RA4558,4581,"Node.js, JavaScript, React",246,5,5,1,88
RA4606,4629,Python,408,6,8,3,96
RA4967,4990,"JavaScript, CSS, Node.js, HTML, React",236,7,7,5,91
RC4342,4365,"Node.js, HTML, CSS",211,8,5,5,85
RC4383,4406,"Figma, CSS",127,7,6,3,92
RC4552,4575,Figma,350,8,10,3,64
RD4692,4715,Spark,565,1,8,4,68
RE4261,4284,Java,141,6,6,0,61
RE4643,4666,"CSS, React, JavaScript, Node.js, HTML",400,8,8,0,74
RF4580,4603,"JavaScript, HTML",173,8,5,3,81
RH4247,4270,"Shell, Python, Kubernetes",313,4,9,2,79
RH4280,4303,"Selenium, Python",261,1,9,3,82
RH4467,4490,"Python, SQL",555,3,9,2,79
RI4108,4131,"React, CSS",532,3,10,3,99
RI4112,4135,"Shell, Kubernetes, Docker",262,10,9,0,94
RJ4727,4750,"Kubernetes, Shell, Docker",233,10,7,4,66
RJ4736,4759,HTML,477,3,8,5,96
RJ4770,4793,"React, HTML",381,7,9,1,90
RK4432,4455,"SQL, Excel, Python",121,8,7,5,89
RK4687,4710,Python,319,0,8,5,94
RK4854,4877,"Python, SQL",135,7,5,4,72
RL4533,4556,"SQL, Excel",324,5,10,3,92
RL4566,4589,"Shell, Kubernetes",568,10,9,1,84
RL4628,4651,"Python, SQL",138,4,7,2,90
RM4068,4091,"Spark, Python",562,10,10,2,87
RN4023,4046,"SQL, Python, Excel",408,6,8,0,85
RN4230,4253,"CSS, HTML, Figma",201,9,7,3,78
RN4935,4958,"Figma, CSS",52,1,7,3,77
RO4249,4272,Selenium,158,4,6,4,73
RO4282,4305,"Spark, Python, SQL",241,8,5,3,95
RP4743,4766,"Python, SQL, Excel",95,0,7,5,68
RS4392,4415,"React, Node.js, CSS",159,0,7,4,63
RS4527,4550,"React, CSS, Node.js",235,3,6,4,84
RS4741,4764,"SQL, Excel, Python",115,5,5,4,64
RT4093,4116,"CSS, JavaScript",102,8,5,0,76
RT4615,4638,"Figma, HTML",199,1,5,1,91
RV4008,4031,"React, CSS, Node.js, HTML, JavaScript",209,6,6,4,73
RV4325,4348,"Python, Kubernetes, Shell",150,6,7,4,67
RV4345,4368,"Spark, Python",134,7,6,2,71
RV4956,4979,"SQL, Python",121,2,7,5,76
RW4889,4912,Spark,195,3,6,2,67
RX4374,4397,"SQL, Python, Spark",431,4,10,5,80
RY4171,4194,"Java, Python, Selenium",140,0,7,5,82
RZ4960,4983,HTML,282,1,9,5,95
SA4016,4039,"HTML, CSS",432,8,8,0,82
SA4020,4043,Kubernetes,125,1,7,3,65
SA4057,4080,Selenium,183,0,7,3,89
SA4070,4093,"HTML, CSS",233,8,6,0,64
SA4110,4133,"HTML, Figma",347,10,8,0,96
SA4126,4149,"Python, Java, Selenium",182,0,7,0,71
SA4229,4252,Java,368,6,10,4,69
SA4277,4300,SQL,396,6,9,0,76
SA4296,4319,SQL,338,1,8,2,92
SA4339,4362,"Shell, Python, Kubernetes",588,8,9,4,68
SA4380,4403,Python,237,6,7,3,77
SA4422,4445,Python,295,6,9,5,84
SA4506,4529,"Python, SQL, Spark",56,4,5,2,77
SA4520,4543,"Selenium, Java",192,2,7,4,86
SA4699,4722,Python,117,1,6,0,70
SA4729,4752,"Shell, Python",330,2,10,2,89
SA4849,4872,Docker,580,10,9,0,85
SA4912,4935,Python,139,3,5,0,76
SA4915,4938,"Docker, Kubernetes, Shell",262,2,9,5,78
SA4959,4982,"SQL, Python, Spark",218,8,6,4,68
SA4962,4985,Figma,223,8,6,3,69
SB4125,4148,"SQL, Excel, Python",192,10,6,1,83
SB4640,4663,"HTML, CSS",411,1,8,0,68
SB4713,4736,"Python, SQL, Excel",212,1,7,5,94
SC4222,4245,"SQL, Spark, Python",166,9,7,0,62
SC4476,4499,SQL,345,6,10,1,69
SC4478,4501,"Python, Spark",541,9,9,0,62
SC4510,4533,"CSS, HTML, React, JavaScript, Node.js",227,8,6,4,100
SC4568,4591,"Java, Selenium, Python",194,1,7,1,99
SC4667,4690,"CSS, Figma, HTML",498,6,8,3,85
SC4740,4763,"Python, Excel, SQL",130,1,7,0,60
SC4793,4816,"SQL, Python",586,5,10,0,96
SC4867,4890,Docker,92,6,7,2,90
SC4931,4954,"Python, Spark",183,1,7,4,68
SD4024,4047,"Python, SQL",71,3,5,3,62
SD4081,4104,CSS,532,1,10,1,97
SD4623,4646,"Python, Kubernetes, Docker, Shell",372,7,9,1,75
SD4651,4674,Kubernetes,214,7,6,2,89
SD4712,4735,"HTML, Figma",145,8,7,3,99
SD4799,4822,"SQL, Python",183,2,7,0,85
SD4805,4828,"Docker, Kubernetes",112,9,5,4,92
SD4833,4856,Docker,71,2,7,0,87
SD4899,4922,"CSS, HTML",91,7,5,4,95
SD4970,4993,"Docker, Shell",577,7,10,3,87
SE4095,4118,"Java, Python, Selenium",529,10,8,4,95
SE4292,4315,"CSS, Figma, HTML",101,1,7,3,82
SE4352,4375,CSS,122,9,5,3,78
SE4522,4545,SQL,441,6,8,2,90
SE4538,4561,"JavaScript, Node.js",222,7,6,3,81
SE4575,4598,"Selenium, Java, Python",588,10,9,0,78
SE4631,4654,"Spark, SQL, Python",110,2,5,1,80
SE4936,4959,"Kubernetes, Docker, Shell, Python",153,3,6,0,85
SE4976,4999,"CSS, HTML",271,7,8,4,88
SF4303,4326,"JavaScript, React, HTML, Node.js, CSS",463,9,8,5,96
SF4556,4579,"HTML, Figma",136,9,6,3,96
SF4792,4815,"Docker, Shell",264,10,8,5,78
SG4208,4231,"Docker, Shell, Kubernetes, Python",502,7,8,2,98
SG4264,4287,SQL,59,5,7,0,94
SG4838,4861,"Python, SQL, Excel",582,0,9,3,98
SH4114,4137,"Docker, Python, Kubernetes, Shell",163,9,7,4,75
SH4429,4452,React,504,9,9,0,76
SH4529,4552,CSS,263,6,9,0,68
SH4534,4557,SQL,406,3,9,1,67
SI4006,4029,"SQL, Python, Spark",235,6,6,2,98
SI4309,4332,"HTML, CSS, Figma",499,6,9,0,76
SI4958,4981,"Figma, CSS, HTML",542,10,8,1,70
SJ4009,4032,"CSS, HTML, Figma",539,10,10,0,60
SJ4252,4275,Kubernetes,408,2,9,5,94
SJ4290,4313,"Selenium, Java",195,9,5,2,70
SJ4371,4394,CSS,145,8,5,4,76
SJ4409,4432,"Node.js, CSS, JavaScript, HTML",260,6,9,5,89
SJ4458,4481,"SQL, Python",598,4,10,1,67
SJ4591,4614,"Spark, Python, SQL",342,7,8,2,88
SJ4611,4634,SQL,564,8,9,1,92
SJ4663,4686,"Python, SQL",566,7,9,5,97
SJ4780,4803,"CSS, Figma, HTML",229,1,5,5,75
SJ4820,4843,Python,271,0,8,5,95
SK4043,4066,"Java, Python, Selenium",356,4,10,2,63
SK4054,4077,"Python, Excel",413,3,8,0,94
SK4168,4191,"SQL, Python",580,10,10,0,92
SK4181,4204,Python,179,6,7,0,72
SK4317,4340,"Figma, CSS",160,1,6,5,67
SK4839,4862,"SQL, Python",296,7,10,2,97
SL4385,4408,"HTML, Node.js, CSS, JavaScript, React",504,5,8,3,76
SL4479,4502,Docker,551,1,8,3,93
SL4593,4616,"Java, Selenium, Python",484,9,8,5,100
SL4661,4684,"HTML, JavaScript, Node.js, CSS",256,3,10,0,99
SM4019,4042,"Figma, HTML, CSS",427,6,8,2,78
SM4066,4089,"HTML, CSS",362,0,8,0,80
SM4328,4351,SQL,476,0,10,2,77
SM4395,4418,Python,221,2,7,1,63
SM4439,4462,Python,325,4,9,3,90
SM4981,5004,HTML,191,1,5,5,78
SN4092,4115,"Spark, Python",225,8,7,5,68
SN4146,4169,"Spark, Python",419,9,10,2,75
SN4223,4246,Java,67,6,7,0,76
SN4270,4293,"SQL, Python",386,10,9,0,77
SN4425,4448,SQL,229,3,7,5,69
SN4610,4633,"Python, SQL, Spark",207,1,5,1,68
SN4618,4641,"SQL, Python",210,0,5,3,87
SN4890,4913,JavaScript,336,4,9,0,71
SN4928,4951,CSS,214,8,5,3,73
SO4025,4048,"SQL, Excel, Python",373,8,10,0,75
SO4207,4230,"Python, SQL",529,4,10,3,73
SO4354,4377,"SQL, Python, Spark",60,3,7,5,63
SO4564,4587,"SQL, Python, Spark",187,3,6,4,60
SP4250,4273,Excel,335,4,8,4,79
SP4555,4578,"Selenium, Java, Python",194,6,5,5,76
SP4563,4586,SQL,141,0,7,3,66
SP4927,4950,"CSS, HTML",429,6,8,2,73
SQ4344,4367,"Python, Excel",98,2,6,5,71
SR4346,4369,Excel,84,4,7,4,98
SR4384,4407,"Docker, Python, Kubernetes, Shell",200,2,5,3,82
SR4511,4534,Python,515,0,8,2,61
SR4675,4698,"SQL, Python",229,7,6,2,67
SR4847,4870,"Excel, SQL, Python",514,4,9,3,98
SR4903,4926,"Kubernetes, Shell, Docker",506,5,8,3,63
SS4037,4060,"React, Node.js, HTML",74,3,5,2,86
SS4101,4124,"Shell, Python",84,0,7,1,98
SS4182,4205,CSS,121,3,6,0,71
SS4234,4257,"Python, SQL",82,6,7,3,95
SS4287,4310,"Kubernetes, Docker, Python",153,2,7,3,82
SS4444,4467,"Spark, SQL, Python",201,2,5,0,91
SS4656,4679,Kubernetes,150,2,7,3,66
SS4803,4826,"SQL, Spark, Python",600,3,8,5,95
SS4831,4854,"Node.js, CSS, JavaScript",299,7,10,5,78
SS4892,4915,"React, CSS, HTML, JavaScript, Node.js",99,2,6,1,82
SS4971,4994,"Figma, CSS, HTML",128,6,6,0,82
ST4117,4140,Python,80,8,7,2,78
ST4184,4207,"HTML, React, Node.js",184,7,6,1,90
ST4612,4635,Docker,250,2,8,3,97
ST4671,4694,"CSS, Figma",286,2,9,0,71
ST4684,4707,Shell,298,0,10,2,89
ST4749,4772,"Spark, SQL",580,8,8,4,64
SU4056,4079,"Kubernetes, Shell, Docker, Python",248,2,5,3,64
SU4412,4435,Spark,320,0,9,0,92
SU4504,4527,CSS,315,6,9,4,62
SU4874,4897,Excel,193,9,6,4,73
SV4038,4061,Docker,161,6,5,1,74
SV4045,4068,Selenium,73,1,6,5,62
SV4050,4073,"Figma, HTML, CSS",439,7,8,2,100
SV4242,4265,"Python, Java, Selenium",466,1,8,5,67
SV4372,4395,"React, HTML",154,6,6,1,78
SV4689,4712,SQL,237,7,5,0,93
SV4882,4905,"CSS, HTML",405,5,8,3,64
SV4940,4963,"React, Node.js, HTML",180,8,6,0,70
SW4026,4049,"Docker, Shell, Kubernetes, Python",148,8,5,4,87
SW4060,4083,"CSS, Figma, HTML",587,0,10,1,94
SW4304,4327,Python,98,6,6,4,65
SW4369,4392,Python,383,6,10,2,96
SW4572,4595,"Selenium, Java",84,8,5,4,75
SW4973,4996,Python,243,8,5,0,88
SY4220,4243,"Docker, Kubernetes, Python, Shell",72,3,5,4,65
SY4570,4593,"Docker, Kubernetes, Shell, Python",154,2,5,1,88
SY4590,4613,React,54,10,5,2,92
SY4900,4923,"Spark, SQL, Python",591,0,9,3,91
SY4933,4956,"Python, Kubernetes",310,9,9,3,96
SY4995,5018,"React, HTML",191,6,6,2,97
SZ4150,4173,"SQL, Excel",448,0,10,3,89
SZ4939,4962,"Python, SQL, Spark",131,0,5,3,87
TA4468,4491,"Docker, Python",137,2,6,2,98
TA4649,4672,Python,221,2,6,0,85
TA4883,4906,"Python, SQL",296,3,9,1,75
TB4407,4430,Node.js,402,8,10,3,69
TC4381,4404,Python,194,5,7,3,95
TD4386,4409,"React, CSS, JavaScript, HTML",100,5,5,4,68
TD4486,4509,"JavaScript, CSS, React, HTML",584,3,9,1,65
TE4316,4339,"SQL, Python, Spark",375,10,9,1,75
TF4487,4510,"SQL, Excel, Python",279,6,8,2,78
TG4294,4317,"Python, Java, Selenium",463,3,10,2,86
TG4697,4720,"SQL, Python",168,2,6,1,87
TH4857,4880,"Spark, SQL",133,7,7,1,78
TK4210,4233,Spark,140,10,7,5,78
TL4698,4721,Selenium,92,1,6,1,93
TM4004,4027,"SQL, Python",144,6,6,5,95
TM4335,4358,"Python, Selenium",513,0,9,5,82
TM4807,4830,"Python, SQL",364,2,8,5,70
TN4064,4087,CSS,560,6,9,1,93
TN4985,5008,Java,299,3,9,4,72
TP4090,4113,"React, CSS, Node.js",290,6,9,3,96
TR4501,4524,CSS,462,0,9,2,72
TV4361,4384,JavaScript,490,8,9,4,88
TW4550,4573,SQL,183,1,7,2,88
TY4717,4740,"HTML, CSS, Figma",476,9,9,1,80
TY4763,4786,"Python, Docker",167,1,7,3,90
TY4887,4910,"CSS, React, JavaScript, HTML",208,7,7,1,66
UA4852,4875,"SQL, Python",109,4,5,3,67
US4360,4383,"SQL, Python",396,9,8,1,98
UY4102,4125,"SQL, Spark, Python",69,10,6,1,68
UZ4140,4163,SQL,554,2,9,2,72
VA4118,4141,"CSS, Figma",248,10,6,2,94
VA4185,4208,SQL,228,8,6,3,69
VA4204,4227,"SQL, Python, Excel",446,6,10,0,82
VA4293,4316,CSS,407,2,8,4,98
VA4523,4546,SQL,119,3,7,5,85
VA4963,4986,Python,420,2,10,1,71
VB4205,4228,"SQL, Python",495,0,8,3,95
VB4310,4333,Python,465,9,10,3,81
VC4837,4860,"CSS, JavaScript, React",180,2,5,0,66
VD4238,4261,HTML,373,3,8,5,80
VE4592,4615,"Python, SQL",536,0,10,0,68
VH4950,4973,"Spark, SQL",443,2,8,4,84
VJ4368,4391,"HTML, CSS",407,5,9,2,83
VK4483,4506,"Kubernetes, Docker, Python",291,2,9,1,73
VK4548,4571,"Spark, Python, SQL",508,1,8,4,91
VL4018,4041,"SQL, Python, Excel",146,9,6,3,66
VL4313,4336,Python,119,5,7,2,65
VL4547,4570,"Excel, Python",154,4,5,0,96
VM4999,5022,"Python, Spark",363,3,9,2,70
VN4278,4301,Figma,579,3,8,0,95
VN4567,4590,"React, CSS, Node.js, HTML, JavaScript",294,9,8,1,95
VN4723,4746,Python,277,2,10,0,82
VN4769,4792,"Python, Excel, SQL",284,10,8,4,60
VR4665,4688,"Spark, Python, SQL",526,9,8,2,76
VS4295,4318,"React, CSS, JavaScript, HTML",430,8,8,0,93
VS4968,4991,SQL,439,2,8,1,74
VT4512,4535,"Node.js, CSS, React",220,5,7,0,71
VV4236,4259,"Spark, Python, SQL",435,8,8,3,99
VV4696,4719,"Docker, Kubernetes, Shell, Python",180,3,5,4,100
VV4752,4775,Selenium,455,8,8,3,90
WA4513,4536,CSS,363,1,10,5,90
WA5000,5023,"Selenium, Python",124,5,7,1,89
WC4214,4237,"Selenium, Java, Python",59,3,5,5,75
WC4469,4492,"Python, Excel",440,0,10,1,99
WD4787,4810,"CSS, HTML, Figma",211,7,5,2,87
WF4909,4932,"SQL, Python",127,5,7,3,71
WG4825,4848,"JavaScript, Node.js, CSS",224,7,6,5,99
WH4516,4539,Python,78,3,5,2,97
WL4145,4168,JavaScript,476,9,9,0,85
WL4574,4597,"CSS, HTML, Node.js",56,0,7,1,85
WN4528,4551,Python,50,6,7,1,88
WN4855,4878,"Figma, CSS",564,1,9,5,99
WR4007,4030,Python,251,9,8,0,93
WR4465,4488,"Node.js, React",372,6,10,4,82
WR4488,4511,"CSS, Node.js, React",339,6,8,1,71
WS4764,4787,"Shell, Docker",203,7,6,3,76
WV4040,4063,"SQL, Python, Excel",175,7,6,3,99
YA4139,4162,SQL,350,3,10,5,85
YE4012,4035,"SQL, Spark, Python",497,1,9,3,99
YI4846,4869,Python,560,5,9,5,81
YI4911,4934,Docker,545,3,10,3,90
YR4456,4479,HTML,62,9,5,2,85
YW4957,4980,"JavaScript, Node.js, HTML, CSS",412,9,10,1,80
ZG4130,4153,Python,175,8,6,1,86
ZJ4726,4749,"Java, Selenium, Python",110,0,6,5,100
ZO4144,4167,"Python, SQL",151,10,6,5,83
ZT4894,4917,Python,106,5,7,3,77
